kind,org,category,ref,stars,downloads,licence,created,updated,language,topics,url,description
github,Decart,foundation_models,DecartAI/decart-robotics,1,,MIT,2026-06-09,2026-09-30,Python,,https://github.com/DecartAI/decart-robotics,"SDK, RL example, and Colab notebook for Decart's Oasis 3 world model"
github,Unitree Robotics,humanoids,unitreerobotics/r1-7a_sdk,1,,BSD-3-Clause,2026-09-28,2026-09-28,C++,,https://github.com/unitreerobotics/r1-7a_sdk,
github,Unitree Robotics,humanoids,unitreerobotics/unifolm-wla,215,,Apache-2.0,2026-09-11,2026-09-29,Python,,https://github.com/unitreerobotics/unifolm-wla,
github,Unitree Robotics,humanoids,unitreerobotics/unitree_sdk2_rs,5,,BSD-3-Clause,2026-08-26,2026-09-04,Rust,,https://github.com/unitreerobotics/unitree_sdk2_rs,
github,Unitree Robotics,humanoids,unitreerobotics/Unitree-Motor-Assistant,1,,BSD-3-Clause,2026-07-30,2026-09-18,,,https://github.com/unitreerobotics/Unitree-Motor-Assistant,
github,Unitree Robotics,humanoids,unitreerobotics/Python_unitree_demos,0,,,2026-07-22,2026-07-22,Python,,https://github.com/unitreerobotics/Python_unitree_demos,Unitree SLAM Industry Application Scenario Python Example Routines
github,Unitree Robotics,humanoids,unitreerobotics/unitree-motor-debugging-assistant,2,,BSD-3-Clause,2026-07-22,2026-07-22,HTML,,https://github.com/unitreerobotics/unitree-motor-debugging-assistant,unitree motor debugging assistant
github,Unitree Robotics,humanoids,unitreerobotics/digital_servo,6,,,2026-07-22,2026-07-22,C,,https://github.com/unitreerobotics/digital_servo,Digital Servo Examples
github,Unitree Robotics,humanoids,unitreerobotics/unitree_slam,2,,,2026-07-21,2026-07-23,C++,,https://github.com/unitreerobotics/unitree_slam,Interface for unitree slam
github,Unitree Robotics,humanoids,unitreerobotics/unibot_submission,8,,,2026-06-26,2026-08-21,Python,,https://github.com/unitreerobotics/unibot_submission,Resources for the UniBot Challenge
github,Unitree Robotics,humanoids,unitreerobotics/UniArmL1,28,,,2026-05-18,2026-08-28,Python,,https://github.com/unitreerobotics/UniArmL1,UniArmL1 是一个轻量化的机械臂遥操作框架，支持三种控制模式与标准化数据采集，采集数据可无缝对接 unitree_lerobot 进行模仿学习训练与部署
huggingface,Unitree Robotics,humanoids,unitreerobotics/G1_Dex1_Unzip,0,345,,2026-09-23,2026-09-23,,modality:video library:datasets library:mlcroissant,https://huggingface.co/datasets/unitreerobotics/G1_Dex1_Unzip,
huggingface,Unitree Robotics,humanoids,unitreerobotics/G1_Dex1_Two_Robot_Clean_Table_Right,0,428,,2026-09-23,2026-09-23,,modality:video library:datasets library:mlcroissant,https://huggingface.co/datasets/unitreerobotics/G1_Dex1_Two_Robot_Clean_Table_Right,
huggingface,Unitree Robotics,humanoids,unitreerobotics/G1_Dex1_Two_Robot_Clean_Table_Left,0,353,,2026-09-23,2026-09-23,,modality:video library:datasets library:mlcroissant,https://huggingface.co/datasets/unitreerobotics/G1_Dex1_Two_Robot_Clean_Table_Left,
huggingface,Unitree Robotics,humanoids,unitreerobotics/G1_Dex1_Thread_Sausages,0,306,,2026-09-23,2026-09-23,,modality:video library:datasets library:mlcroissant,https://huggingface.co/datasets/unitreerobotics/G1_Dex1_Thread_Sausages,
huggingface,Unitree Robotics,humanoids,unitreerobotics/G1_Dex1_Take_Stationery,0,329,,2026-09-23,2026-09-23,,modality:video library:datasets library:mlcroissant,https://huggingface.co/datasets/unitreerobotics/G1_Dex1_Take_Stationery,
huggingface,Unitree Robotics,humanoids,unitreerobotics/G1_Dex1_Take_Shoes_Out_Shoes_Box,0,325,,2026-09-23,2026-09-23,,modality:video library:datasets library:mlcroissant,https://huggingface.co/datasets/unitreerobotics/G1_Dex1_Take_Shoes_Out_Shoes_Box,
huggingface,Unitree Robotics,humanoids,unitreerobotics/G1_Dex1_Take_Out_Oatmeal,0,349,,2026-09-23,2026-09-23,,modality:video library:datasets library:mlcroissant,https://huggingface.co/datasets/unitreerobotics/G1_Dex1_Take_Out_Oatmeal,
huggingface,Unitree Robotics,humanoids,unitreerobotics/G1_Dex1_Take_Out_Hat,0,341,,2026-09-23,2026-09-23,,modality:video library:datasets library:mlcroissant,https://huggingface.co/datasets/unitreerobotics/G1_Dex1_Take_Out_Hat,
huggingface,Unitree Robotics,humanoids,unitreerobotics/G1_Dex1_Store_Socks,0,374,,2026-09-23,2026-09-23,,modality:video library:datasets library:mlcroissant,https://huggingface.co/datasets/unitreerobotics/G1_Dex1_Store_Socks,
huggingface,Unitree Robotics,humanoids,unitreerobotics/G1_Dex1_Store_Hexagonal_Wrenches,0,334,,2026-09-23,2026-09-23,,modality:video library:datasets library:mlcroissant,https://huggingface.co/datasets/unitreerobotics/G1_Dex1_Store_Hexagonal_Wrenches,
huggingface,Unitree Robotics,humanoids,unitreerobotics/G1_Dex1_Store_Coins,0,380,,2026-09-23,2026-09-23,,modality:video library:datasets library:mlcroissant,https://huggingface.co/datasets/unitreerobotics/G1_Dex1_Store_Coins,
huggingface,Unitree Robotics,humanoids,unitreerobotics/G1_Dex1_Store_Camera,1,395,,2026-09-23,2026-09-23,,modality:video library:datasets library:mlcroissant,https://huggingface.co/datasets/unitreerobotics/G1_Dex1_Store_Camera,
huggingface,Unitree Robotics,humanoids,unitreerobotics/G1_Dex1_Squeeze_Dish_Soap,1,333,,2026-09-23,2026-09-23,,modality:video library:datasets library:mlcroissant,https://huggingface.co/datasets/unitreerobotics/G1_Dex1_Squeeze_Dish_Soap,
huggingface,Unitree Robotics,humanoids,unitreerobotics/G1_Dex1_Spread_Bread,1,324,,2026-09-23,2026-09-23,,modality:video library:datasets library:mlcroissant,https://huggingface.co/datasets/unitreerobotics/G1_Dex1_Spread_Bread,
huggingface,Unitree Robotics,humanoids,unitreerobotics/G1_Dex1_Remove_Trousers_From_Storage_Bag,1,498,,2026-09-23,2026-09-24,,modality:video library:datasets library:mlcroissant,https://huggingface.co/datasets/unitreerobotics/G1_Dex1_Remove_Trousers_From_Storage_Bag,
huggingface,Unitree Robotics,humanoids,unitreerobotics/G1_Dex1_Put_Phone_Case,1,502,,2026-09-23,2026-09-24,,modality:video library:datasets library:mlcroissant,https://huggingface.co/datasets/unitreerobotics/G1_Dex1_Put_Phone_Case,
huggingface,Unitree Robotics,humanoids,unitreerobotics/G1_Dex1_Put_Pens_In_Box,1,427,,2026-09-23,2026-09-24,,modality:video library:datasets library:mlcroissant,https://huggingface.co/datasets/unitreerobotics/G1_Dex1_Put_Pens_In_Box,
huggingface,Unitree Robotics,humanoids,unitreerobotics/G1_Dex1_Put_Motor_Rotor_Into_Box,1,706,,2026-09-23,2026-09-24,,modality:video library:datasets library:mlcroissant,https://huggingface.co/datasets/unitreerobotics/G1_Dex1_Put_Motor_Rotor_Into_Box,
huggingface,Unitree Robotics,humanoids,unitreerobotics/G1_Dex1_Put_Fruit_Into_Juicer,1,432,,2026-09-23,2026-09-23,,modality:video library:datasets library:mlcroissant,https://huggingface.co/datasets/unitreerobotics/G1_Dex1_Put_Fruit_Into_Juicer,
huggingface,Unitree Robotics,humanoids,unitreerobotics/G1_Dex1_Put_Dolls_Conveyor,1,361,,2026-09-22,2026-09-23,,modality:video library:datasets library:mlcroissant,https://huggingface.co/datasets/unitreerobotics/G1_Dex1_Put_Dolls_Conveyor,
huggingface,Unitree Robotics,humanoids,unitreerobotics/G1_Dex1_Pour_From_Bottle,0,481,,2026-09-22,2026-09-23,,modality:video library:datasets library:mlcroissant,https://huggingface.co/datasets/unitreerobotics/G1_Dex1_Pour_From_Bottle,
huggingface,Unitree Robotics,humanoids,unitreerobotics/G1_Dex1_Pour_Drink,0,508,,2026-09-22,2026-09-22,,modality:video library:datasets library:mlcroissant,https://huggingface.co/datasets/unitreerobotics/G1_Dex1_Pour_Drink,
huggingface,Unitree Robotics,humanoids,unitreerobotics/G1_Dex1_Plastic_Bag_Storage,0,471,,2026-09-22,2026-09-22,,modality:video library:datasets library:mlcroissant,https://huggingface.co/datasets/unitreerobotics/G1_Dex1_Plastic_Bag_Storage,
huggingface,Unitree Robotics,humanoids,unitreerobotics/G1_Dex1_Packaged_Bread,0,530,,2026-09-22,2026-09-22,,modality:video library:datasets library:mlcroissant,https://huggingface.co/datasets/unitreerobotics/G1_Dex1_Packaged_Bread,
huggingface,Unitree Robotics,humanoids,unitreerobotics/G1_Dex1_Open_Box,0,601,,2026-09-22,2026-09-22,,modality:video library:datasets library:mlcroissant,https://huggingface.co/datasets/unitreerobotics/G1_Dex1_Open_Box,
huggingface,Unitree Robotics,humanoids,unitreerobotics/G1_Dex1_Open_Bottle_Cap,1,652,,2026-09-22,2026-09-22,,modality:video library:datasets library:mlcroissant,https://huggingface.co/datasets/unitreerobotics/G1_Dex1_Open_Bottle_Cap,
huggingface,Unitree Robotics,humanoids,unitreerobotics/G1_Dex1_Install_Screw_Head,0,529,,2026-09-22,2026-09-22,,modality:video library:datasets library:mlcroissant,https://huggingface.co/datasets/unitreerobotics/G1_Dex1_Install_Screw_Head,
huggingface,Unitree Robotics,humanoids,unitreerobotics/G1_Dex1_Hang_Pants,0,540,,2026-09-22,2026-09-22,,modality:video library:datasets library:mlcroissant,https://huggingface.co/datasets/unitreerobotics/G1_Dex1_Hang_Pants,
huggingface,Unitree Robotics,humanoids,unitreerobotics/G1_Dex1_Hang_Keys,0,320,,2026-09-22,2026-09-22,,modality:video library:datasets library:mlcroissant,https://huggingface.co/datasets/unitreerobotics/G1_Dex1_Hang_Keys,
huggingface,Unitree Robotics,humanoids,unitreerobotics/G1_Dex1_Guess_Ball,0,331,,2026-09-22,2026-09-22,,modality:video library:datasets library:mlcroissant,https://huggingface.co/datasets/unitreerobotics/G1_Dex1_Guess_Ball,
huggingface,Unitree Robotics,humanoids,unitreerobotics/G1_Dex1_Fill_Basket,0,353,,2026-09-21,2026-09-22,,modality:video library:datasets library:mlcroissant,https://huggingface.co/datasets/unitreerobotics/G1_Dex1_Fill_Basket,
huggingface,Unitree Robotics,humanoids,unitreerobotics/G1_Dex1_Drawstring_Bag_Towel_Storage,0,430,,2026-09-21,2026-09-21,,modality:video library:datasets library:mlcroissant,https://huggingface.co/datasets/unitreerobotics/G1_Dex1_Drawstring_Bag_Towel_Storage,
huggingface,Unitree Robotics,humanoids,unitreerobotics/G1_Dex1_Drawstring_Bag_For_Supplies,0,433,,2026-09-21,2026-09-21,,modality:video library:datasets library:mlcroissant,https://huggingface.co/datasets/unitreerobotics/G1_Dex1_Drawstring_Bag_For_Supplies,
huggingface,Unitree Robotics,humanoids,unitreerobotics/G1_Dex1_Cup_Storage,0,464,,2026-09-21,2026-09-21,,modality:video library:datasets library:mlcroissant,https://huggingface.co/datasets/unitreerobotics/G1_Dex1_Cup_Storage,
huggingface,Unitree Robotics,humanoids,unitreerobotics/G1_Dex1_Cover_The_Tool_Box,0,418,,2026-09-21,2026-09-21,,modality:video library:datasets library:mlcroissant,https://huggingface.co/datasets/unitreerobotics/G1_Dex1_Cover_The_Tool_Box,
huggingface,Unitree Robotics,humanoids,unitreerobotics/G1_Dex1_Connect_The_Network_Port,1,409,,2026-09-21,2026-09-21,,modality:video library:datasets library:mlcroissant,https://huggingface.co/datasets/unitreerobotics/G1_Dex1_Connect_The_Network_Port,
huggingface,Unitree Robotics,humanoids,unitreerobotics/G1_Dex1_Cap_The_Pen,0,485,,2026-09-21,2026-09-21,,modality:video library:datasets library:mlcroissant,https://huggingface.co/datasets/unitreerobotics/G1_Dex1_Cap_The_Pen,
huggingface,Unitree Robotics,humanoids,unitreerobotics/G1_Dex1_Assembling_Motor,1,858,,2026-09-21,2026-09-21,,modality:video library:datasets library:mlcroissant,https://huggingface.co/datasets/unitreerobotics/G1_Dex1_Assembling_Motor,
huggingface,Unitree Robotics,humanoids,unitreerobotics/G1_Dex1_Assemble_Hat_Stand,0,430,,2026-09-21,2026-09-21,,modality:video library:datasets library:mlcroissant,https://huggingface.co/datasets/unitreerobotics/G1_Dex1_Assemble_Hat_Stand,
huggingface,Unitree Robotics,humanoids,unitreerobotics/G1_Dex1_Arrange_Toiletries_Neatly,0,423,,2026-09-21,2026-09-21,,modality:video library:datasets library:mlcroissant,https://huggingface.co/datasets/unitreerobotics/G1_Dex1_Arrange_Toiletries_Neatly,
huggingface,Unitree Robotics,humanoids,unitreerobotics/G1_WBT_Inspire_Put_Sink_Towel,0,804,,2026-09-18,2026-09-18,,modality:video library:datasets library:mlcroissant,https://huggingface.co/datasets/unitreerobotics/G1_WBT_Inspire_Put_Sink_Towel,
huggingface,Unitree Robotics,humanoids,unitreerobotics/G1_WBT_Inspire_Pick_Up_Basket_And_Put_Vegetables_Into_Basket,1,1139,,2026-09-18,2026-09-18,,modality:video library:datasets library:mlcroissant,https://huggingface.co/datasets/unitreerobotics/G1_WBT_Inspire_Pick_Up_Basket_And_Put_Vegetables_Into_Basket,
huggingface,Unitree Robotics,humanoids,unitreerobotics/G1_WBT_Brainco_Tidy_The_Bed_And_Pick_Cloth_On_Bed_And_Put_In_Laundry,0,898,,2026-09-18,2026-09-18,,modality:video library:datasets library:mlcroissant,https://huggingface.co/datasets/unitreerobotics/G1_WBT_Brainco_Tidy_The_Bed_And_Pick_Cloth_On_Bed_And_Put_In_Laundry,
huggingface,Unitree Robotics,humanoids,unitreerobotics/G1_WBT_Brainco_Clean_Tea_Table_Garbage,0,634,,2026-09-18,2026-09-18,,modality:video library:datasets library:mlcroissant,https://huggingface.co/datasets/unitreerobotics/G1_WBT_Brainco_Clean_Tea_Table_Garbage,
huggingface,Unitree Robotics,humanoids,unitreerobotics/G1_Dex1_Wipe_Board,0,813,,2026-09-18,2026-09-18,,modality:video library:datasets library:mlcroissant,https://huggingface.co/datasets/unitreerobotics/G1_Dex1_Wipe_Board,
huggingface,Unitree Robotics,humanoids,unitreerobotics/G1_Dex1_Take_Food_Out_Oven,0,714,,2026-09-18,2026-09-18,,modality:video library:datasets library:mlcroissant,https://huggingface.co/datasets/unitreerobotics/G1_Dex1_Take_Food_Out_Oven,
huggingface,Unitree Robotics,humanoids,unitreerobotics/G1_Dex1_Tableware_Storage,0,645,,2026-09-17,2026-09-17,,modality:video library:datasets library:mlcroissant,https://huggingface.co/datasets/unitreerobotics/G1_Dex1_Tableware_Storage,
huggingface,Unitree Robotics,humanoids,unitreerobotics/G1_Dex1_Switch_Lamp_On,0,440,,2026-09-17,2026-09-17,,modality:video library:datasets library:mlcroissant,https://huggingface.co/datasets/unitreerobotics/G1_Dex1_Switch_Lamp_On,
huggingface,Unitree Robotics,humanoids,unitreerobotics/G1_Dex1_Store_Cola,0,612,,2026-09-16,2026-09-16,,modality:video library:datasets library:mlcroissant,https://huggingface.co/datasets/unitreerobotics/G1_Dex1_Store_Cola,
huggingface,Unitree Robotics,humanoids,unitreerobotics/G1_Dex1_Put_Items_Into_Cabinet,0,687,,2026-09-16,2026-09-16,,modality:video library:datasets library:mlcroissant,https://huggingface.co/datasets/unitreerobotics/G1_Dex1_Put_Items_Into_Cabinet,
huggingface,Unitree Robotics,humanoids,unitreerobotics/G1_Dex1_Put_Fruit_On_Plate,0,514,,2026-09-16,2026-09-16,,modality:video library:datasets library:mlcroissant,https://huggingface.co/datasets/unitreerobotics/G1_Dex1_Put_Fruit_On_Plate,
huggingface,Unitree Robotics,humanoids,unitreerobotics/G1_Dex1_Put_Food_In_Oven,0,559,,2026-09-16,2026-09-16,,modality:video library:datasets library:mlcroissant,https://huggingface.co/datasets/unitreerobotics/G1_Dex1_Put_Food_In_Oven,
huggingface,Unitree Robotics,humanoids,unitreerobotics/G1_Dex1_Pull_Lollipop,0,562,,2026-09-16,2026-09-16,,modality:video library:datasets library:mlcroissant,https://huggingface.co/datasets/unitreerobotics/G1_Dex1_Pull_Lollipop,
huggingface,Unitree Robotics,humanoids,unitreerobotics/G1_Dex1_Play_Football,0,526,,2026-09-16,2026-09-16,,modality:video library:datasets library:mlcroissant,https://huggingface.co/datasets/unitreerobotics/G1_Dex1_Play_Football,
huggingface,Unitree Robotics,humanoids,unitreerobotics/G1_Dex1_Organize_Desk,0,897,,2026-09-16,2026-09-16,,modality:video library:datasets library:mlcroissant,https://huggingface.co/datasets/unitreerobotics/G1_Dex1_Organize_Desk,
huggingface,Unitree Robotics,humanoids,unitreerobotics/G1_Dex1_Load_Shoes_On_Conveyor,1,1048,,2026-09-16,2026-09-16,,modality:video library:datasets library:mlcroissant,https://huggingface.co/datasets/unitreerobotics/G1_Dex1_Load_Shoes_On_Conveyor,
huggingface,Unitree Robotics,humanoids,unitreerobotics/G1_Dex1_Hang_Hat,0,530,,2026-09-16,2026-09-16,,modality:video library:datasets library:mlcroissant,https://huggingface.co/datasets/unitreerobotics/G1_Dex1_Hang_Hat,
huggingface,Unitree Robotics,humanoids,unitreerobotics/G1_Dex1_Find_Green_Blocks,1,632,,2026-09-16,2026-09-16,,modality:video library:datasets library:mlcroissant,https://huggingface.co/datasets/unitreerobotics/G1_Dex1_Find_Green_Blocks,
huggingface,Unitree Robotics,humanoids,unitreerobotics/G1_Dex1_Fetch_Object_Bag,1,621,,2026-09-16,2026-09-21,,modality:video library:datasets library:mlcroissant,https://huggingface.co/datasets/unitreerobotics/G1_Dex1_Fetch_Object_Bag,
huggingface,Unitree Robotics,humanoids,unitreerobotics/G1_Dex1_Conveyor_Color_Classification,0,582,,2026-09-15,2026-09-15,,modality:video library:datasets library:mlcroissant,https://huggingface.co/datasets/unitreerobotics/G1_Dex1_Conveyor_Color_Classification,
huggingface,Unitree Robotics,humanoids,unitreerobotics/G1_Dex1_Color_Category,0,702,,2026-09-15,2026-09-15,,modality:video library:datasets library:mlcroissant,https://huggingface.co/datasets/unitreerobotics/G1_Dex1_Color_Category,
huggingface,Unitree Robotics,humanoids,unitreerobotics/G1_Dex1_Collect_Eggs,0,709,,2026-09-15,2026-09-15,,modality:video library:datasets library:mlcroissant,https://huggingface.co/datasets/unitreerobotics/G1_Dex1_Collect_Eggs,
huggingface,Unitree Robotics,humanoids,unitreerobotics/G1_Dex1_Arrange_Flowers,0,650,,2026-09-15,2026-09-15,,modality:video library:datasets library:mlcroissant,https://huggingface.co/datasets/unitreerobotics/G1_Dex1_Arrange_Flowers,
huggingface,Unitree Robotics,humanoids,unitreerobotics/G1_WBT_Inspire_Sort_Fruit,2,1268,,2026-09-14,2026-09-14,,modality:video library:datasets library:mlcroissant,https://huggingface.co/datasets/unitreerobotics/G1_WBT_Inspire_Sort_Fruit,
huggingface,Unitree Robotics,humanoids,unitreerobotics/G1_WBT_Inspire_Put_Vegetables_Into_Basket,1,1305,,2026-09-14,2026-09-14,,modality:video library:datasets library:mlcroissant,https://huggingface.co/datasets/unitreerobotics/G1_WBT_Inspire_Put_Vegetables_Into_Basket,
huggingface,Unitree Robotics,humanoids,unitreerobotics/G1_WBT_Inspire_Put_Plate_Into_Dishwasher,1,1105,,2026-09-14,2026-09-14,,modality:video library:datasets library:mlcroissant,https://huggingface.co/datasets/unitreerobotics/G1_WBT_Inspire_Put_Plate_Into_Dishwasher,
huggingface,Unitree Robotics,humanoids,unitreerobotics/G1_WBT_Inspire_Put_Drinks_Into_Fridge,1,888,,2026-09-14,2026-09-14,,modality:video library:datasets library:mlcroissant,https://huggingface.co/datasets/unitreerobotics/G1_WBT_Inspire_Put_Drinks_Into_Fridge,
huggingface,Unitree Robotics,humanoids,unitreerobotics/G1_WBT_Inspire_Push_Wheelchair,1,830,,2026-09-14,2026-09-14,,modality:video library:datasets library:mlcroissant,https://huggingface.co/datasets/unitreerobotics/G1_WBT_Inspire_Push_Wheelchair,
huggingface,Unitree Robotics,humanoids,unitreerobotics/G1_WBT_Inspire_Pick_Up_Fruit,1,1067,,2026-09-14,2026-09-14,,modality:video library:datasets library:mlcroissant,https://huggingface.co/datasets/unitreerobotics/G1_WBT_Inspire_Pick_Up_Fruit,
huggingface,Unitree Robotics,humanoids,unitreerobotics/G1_WBT_Inspire_Pick_Up_Drinks,1,1295,,2026-09-14,2026-09-14,,modality:video library:datasets library:mlcroissant,https://huggingface.co/datasets/unitreerobotics/G1_WBT_Inspire_Pick_Up_Drinks,
huggingface,Unitree Robotics,humanoids,unitreerobotics/G1_WBT_Inspire_Pick_Up_Clothes,1,974,,2026-09-14,2026-09-14,,modality:video library:datasets library:mlcroissant,https://huggingface.co/datasets/unitreerobotics/G1_WBT_Inspire_Pick_Up_Clothes,
huggingface,Unitree Robotics,humanoids,unitreerobotics/G1_WBT_Inspire_Clean_Living_Room,1,1091,,2026-09-14,2026-09-14,,modality:video library:datasets library:mlcroissant,https://huggingface.co/datasets/unitreerobotics/G1_WBT_Inspire_Clean_Living_Room,
huggingface,Unitree Robotics,humanoids,unitreerobotics/G1_WBT_Brainco_Sort_Fruit,1,1188,,2026-09-14,2026-09-14,,modality:video library:datasets library:mlcroissant,https://huggingface.co/datasets/unitreerobotics/G1_WBT_Brainco_Sort_Fruit,
huggingface,Unitree Robotics,humanoids,unitreerobotics/G1_WBT_Brainco_Put_Vegetables_Into_Basket,1,1126,,2026-09-14,2026-09-14,,modality:video library:datasets library:mlcroissant,https://huggingface.co/datasets/unitreerobotics/G1_WBT_Brainco_Put_Vegetables_Into_Basket,
huggingface,Unitree Robotics,humanoids,unitreerobotics/G1_WBT_Brainco_Put_Plate_Into_Dishwasher,1,1248,,2026-09-14,2026-09-14,,modality:video library:datasets library:mlcroissant,https://huggingface.co/datasets/unitreerobotics/G1_WBT_Brainco_Put_Plate_Into_Dishwasher,
huggingface,Unitree Robotics,humanoids,unitreerobotics/G1_WBT_Brainco_Put_Drinks_Into_Fridge,1,724,,2026-09-14,2026-09-14,,modality:video library:datasets library:mlcroissant,https://huggingface.co/datasets/unitreerobotics/G1_WBT_Brainco_Put_Drinks_Into_Fridge,
huggingface,Unitree Robotics,humanoids,unitreerobotics/G1_WBT_Brainco_Put_Clothes_Into_Washing_Machine,1,1120,,2026-09-14,2026-09-14,,modality:video library:datasets library:mlcroissant,https://huggingface.co/datasets/unitreerobotics/G1_WBT_Brainco_Put_Clothes_Into_Washing_Machine,
huggingface,Unitree Robotics,humanoids,unitreerobotics/G1_WBT_Brainco_Pick_Up_Medicine,1,903,,2026-09-14,2026-09-14,,modality:video library:datasets library:mlcroissant,https://huggingface.co/datasets/unitreerobotics/G1_WBT_Brainco_Pick_Up_Medicine,
huggingface,Unitree Robotics,humanoids,unitreerobotics/G1_WBT_Brainco_Pick_Up_Fruit,0,852,,2026-09-14,2026-09-14,,modality:video library:datasets library:mlcroissant,https://huggingface.co/datasets/unitreerobotics/G1_WBT_Brainco_Pick_Up_Fruit,
huggingface,Unitree Robotics,humanoids,unitreerobotics/G1_WBT_Brainco_Pick_Up_Drinks,1,1132,,2026-09-14,2026-09-14,,modality:video library:datasets library:mlcroissant,https://huggingface.co/datasets/unitreerobotics/G1_WBT_Brainco_Pick_Up_Drinks,
huggingface,Unitree Robotics,humanoids,unitreerobotics/G1_WBT_Brainco_Pick_Up_Cushion,1,872,,2026-09-14,2026-09-14,,modality:video library:datasets library:mlcroissant,https://huggingface.co/datasets/unitreerobotics/G1_WBT_Brainco_Pick_Up_Cushion,
huggingface,Unitree Robotics,humanoids,unitreerobotics/G1_WBT_Brainco_Pick_Up_Clothes,1,1246,,2026-09-14,2026-09-14,,modality:video library:datasets library:mlcroissant,https://huggingface.co/datasets/unitreerobotics/G1_WBT_Brainco_Pick_Up_Clothes,
huggingface,Unitree Robotics,humanoids,unitreerobotics/G1_WBT_Brainco_Make_Bed,1,850,,2026-09-14,2026-09-14,,modality:video library:datasets library:mlcroissant,https://huggingface.co/datasets/unitreerobotics/G1_WBT_Brainco_Make_Bed,
huggingface,Unitree Robotics,humanoids,unitreerobotics/G1_WBT_Brainco_Adjust_Sickbed,1,1012,,2026-09-14,2026-09-14,,modality:video library:datasets library:mlcroissant,https://huggingface.co/datasets/unitreerobotics/G1_WBT_Brainco_Adjust_Sickbed,
huggingface,Unitree Robotics,humanoids,unitreerobotics/G1_WBT_Brainco_Empty_Folder_In_Cabinet,2,1209,,2026-09-14,2026-09-18,,modality:video library:datasets library:mlcroissant,https://huggingface.co/datasets/unitreerobotics/G1_WBT_Brainco_Empty_Folder_In_Cabinet,
huggingface,Unitree Robotics,humanoids,unitreerobotics/G1_WBT_Inspire_Walk_To_Table_Put_Cups_And_Rack_Plates_In_Dishwasher,1,1855,,2026-09-13,2026-09-18,,modality:video library:datasets library:mlcroissant,https://huggingface.co/datasets/unitreerobotics/G1_WBT_Inspire_Walk_To_Table_Put_Cups_And_Rack_Plates_In_Dishwasher,
huggingface,Unitree Robotics,humanoids,unitreerobotics/G1_WBT_Inspire_Tidy_Living_Room_Slippers,1,1199,,2026-09-13,2026-09-14,,modality:video library:datasets library:mlcroissant,https://huggingface.co/datasets/unitreerobotics/G1_WBT_Inspire_Tidy_Living_Room_Slippers,
huggingface,Unitree Robotics,humanoids,unitreerobotics/G1_WBT_Brainco_Tidy_The_Bed,1,864,,2026-09-13,2026-09-13,,modality:video library:datasets library:mlcroissant,https://huggingface.co/datasets/unitreerobotics/G1_WBT_Brainco_Tidy_The_Bed,
huggingface,Unitree Robotics,humanoids,unitreerobotics/G1_WBT_Inspire_Supermarket_Shelf_Organizing,1,1006,,2026-09-13,2026-09-13,,modality:video library:datasets library:mlcroissant,https://huggingface.co/datasets/unitreerobotics/G1_WBT_Inspire_Supermarket_Shelf_Organizing,
huggingface,Unitree Robotics,humanoids,unitreerobotics/G1_WBT_Brainco_Tidy_Living_Room_Slippers,1,1398,,2026-09-13,2026-09-18,,modality:video library:datasets library:mlcroissant,https://huggingface.co/datasets/unitreerobotics/G1_WBT_Brainco_Tidy_Living_Room_Slippers,
huggingface,Unitree Robotics,humanoids,unitreerobotics/G1_WBT_Brainco_Supermarket_Shelf_Organizing,1,1098,,2026-09-13,2026-09-13,,modality:video library:datasets library:mlcroissant,https://huggingface.co/datasets/unitreerobotics/G1_WBT_Brainco_Supermarket_Shelf_Organizing,
huggingface,Unitree Robotics,humanoids,unitreerobotics/G1_WBT_Inspire_Plastic_Box_Parts,1,1989,,2026-09-13,2026-09-13,,modality:video library:datasets library:mlcroissant,https://huggingface.co/datasets/unitreerobotics/G1_WBT_Inspire_Plastic_Box_Parts,
huggingface,Unitree Robotics,humanoids,unitreerobotics/G1_WBT_Brainco_Put_Sink_Towel,1,1627,,2026-09-13,2026-09-13,,modality:video library:datasets library:mlcroissant,https://huggingface.co/datasets/unitreerobotics/G1_WBT_Brainco_Put_Sink_Towel,
huggingface,Unitree Robotics,humanoids,unitreerobotics/G1_WBT_Inspire_Pick_Up_Multiple_Cushions,1,1113,,2026-09-13,2026-09-14,,modality:video library:datasets library:mlcroissant,https://huggingface.co/datasets/unitreerobotics/G1_WBT_Inspire_Pick_Up_Multiple_Cushions,
huggingface,Unitree Robotics,humanoids,unitreerobotics/G1_WBT_Brainco_Plastic_Box_Parts,1,1970,,2026-09-13,2026-09-18,,modality:video library:datasets library:mlcroissant,https://huggingface.co/datasets/unitreerobotics/G1_WBT_Brainco_Plastic_Box_Parts,
huggingface,Unitree Robotics,humanoids,unitreerobotics/G1_WBT_Brainco_Pick_Up_Multiple_Cushions,1,1374,,2026-09-13,2026-09-20,,modality:video library:datasets library:mlcroissant,https://huggingface.co/datasets/unitreerobotics/G1_WBT_Brainco_Pick_Up_Multiple_Cushions,
huggingface,Unitree Robotics,humanoids,unitreerobotics/G1_WBT_Inspire_Pick_Cloth_On_Bed_And_Put_In_Laundry,4,897,,2026-09-13,2026-09-13,,modality:video library:datasets library:mlcroissant,https://huggingface.co/datasets/unitreerobotics/G1_WBT_Inspire_Pick_Cloth_On_Bed_And_Put_In_Laundry,
huggingface,Unitree Robotics,humanoids,unitreerobotics/G1_WBT_Brainco_Laundry_Basket_Washer,1,1541,,2026-09-13,2026-09-18,,modality:video library:datasets library:mlcroissant,https://huggingface.co/datasets/unitreerobotics/G1_WBT_Brainco_Laundry_Basket_Washer,
huggingface,Unitree Robotics,humanoids,unitreerobotics/G1_WBT_Brainco_Pick_Cloth_On_Bed_And_Put_In_Laundry,1,753,,2026-09-13,2026-09-13,,modality:video library:datasets library:mlcroissant,https://huggingface.co/datasets/unitreerobotics/G1_WBT_Brainco_Pick_Cloth_On_Bed_And_Put_In_Laundry,
huggingface,Unitree Robotics,humanoids,unitreerobotics/G1_WBT_Inspire_Empty_Folder_In_Cabinet,1,1112,,2026-09-13,2026-09-13,,modality:video library:datasets library:mlcroissant,https://huggingface.co/datasets/unitreerobotics/G1_WBT_Inspire_Empty_Folder_In_Cabinet,
huggingface,Unitree Robotics,humanoids,unitreerobotics/G1_WBT_Inspire_Hang_Up_Clothes,1,835,,2026-09-13,2026-09-14,,modality:video library:datasets library:mlcroissant,https://huggingface.co/datasets/unitreerobotics/G1_WBT_Inspire_Hang_Up_Clothes,
huggingface,Unitree Robotics,humanoids,unitreerobotics/G1_WBT_Brainco_Walk_To_Table_Put_Cups_And_Rack_Plates_In_Dishwasher,1,1255,,2026-09-13,2026-09-14,,modality:video library:datasets library:mlcroissant,https://huggingface.co/datasets/unitreerobotics/G1_WBT_Brainco_Walk_To_Table_Put_Cups_And_Rack_Plates_In_Dishwasher,
huggingface,Unitree Robotics,humanoids,unitreerobotics/G1_WBT_Brainco_Hang_Up_Clothes,1,1040,,2026-09-13,2026-09-14,,modality:video library:datasets library:mlcroissant,https://huggingface.co/datasets/unitreerobotics/G1_WBT_Brainco_Hang_Up_Clothes,
huggingface,Unitree Robotics,humanoids,unitreerobotics/G1_Dex1_RemovePinnedNote,1,979,,2026-07-01,2026-07-01,,modality:video library:datasets library:mlcroissant,https://huggingface.co/datasets/unitreerobotics/G1_Dex1_RemovePinnedNote,
huggingface,Unitree Robotics,humanoids,unitreerobotics/G1_Dex1_PourOutMedicine,1,826,,2026-07-01,2026-07-01,,modality:video library:datasets library:mlcroissant,https://huggingface.co/datasets/unitreerobotics/G1_Dex1_PourOutMedicine,
huggingface,Unitree Robotics,humanoids,unitreerobotics/G1_Dex1_PlugInEthernet,1,956,,2026-07-01,2026-07-01,,modality:video library:datasets library:mlcroissant,https://huggingface.co/datasets/unitreerobotics/G1_Dex1_PlugInEthernet,
huggingface,Unitree Robotics,humanoids,unitreerobotics/G1_Dex1_PlacePhotoFrame,2,660,,2026-07-01,2026-07-01,,modality:video library:datasets library:mlcroissant,https://huggingface.co/datasets/unitreerobotics/G1_Dex1_PlacePhotoFrame,
huggingface,Unitree Robotics,humanoids,unitreerobotics/G1_Dex1_PlugCharger,1,690,,2026-07-01,2026-07-06,,modality:video library:datasets library:mlcroissant,https://huggingface.co/datasets/unitreerobotics/G1_Dex1_PlugCharger,
huggingface,Unitree Robotics,humanoids,unitreerobotics/G1_Dex1_SyringeWaterTransfer,1,788,,2026-07-01,2026-07-01,,modality:video library:datasets library:mlcroissant,https://huggingface.co/datasets/unitreerobotics/G1_Dex1_SyringeWaterTransfer,
huggingface,Unitree Robotics,humanoids,unitreerobotics/G1_Dex1_PickOutBatteries,1,945,,2026-07-01,2026-07-01,,modality:video library:datasets library:mlcroissant,https://huggingface.co/datasets/unitreerobotics/G1_Dex1_PickOutBatteries,
huggingface,Unitree Robotics,humanoids,unitreerobotics/G1_Dex1_PaperCupStacking,1,769,,2026-07-01,2026-07-01,,modality:video,https://huggingface.co/datasets/unitreerobotics/G1_Dex1_PaperCupStacking,
huggingface,Unitree Robotics,humanoids,unitreerobotics/G1_Dex1_ToolboxStorage,1,1776,,2026-07-01,2026-07-01,,modality:video library:datasets library:mlcroissant,https://huggingface.co/datasets/unitreerobotics/G1_Dex1_ToolboxStorage,
huggingface,Unitree Robotics,humanoids,unitreerobotics/G1_Dex1_StorePaddle,1,1016,,2026-07-01,2026-07-01,,modality:video library:datasets library:mlcroissant,https://huggingface.co/datasets/unitreerobotics/G1_Dex1_StorePaddle,
huggingface,Unitree Robotics,humanoids,unitreerobotics/G1_Dex1_PackPhone,1,923,,2026-07-01,2026-07-01,,modality:video,https://huggingface.co/datasets/unitreerobotics/G1_Dex1_PackPhone,
huggingface,Unitree Robotics,humanoids,unitreerobotics/G1_Dex1_PackDoll,1,1030,,2026-07-01,2026-07-01,,modality:video library:datasets library:mlcroissant,https://huggingface.co/datasets/unitreerobotics/G1_Dex1_PackDoll,
huggingface,Unitree Robotics,humanoids,unitreerobotics/G1_Dex1_StoreEarphones,1,837,,2026-07-01,2026-07-01,,modality:video library:datasets library:mlcroissant,https://huggingface.co/datasets/unitreerobotics/G1_Dex1_StoreEarphones,
huggingface,Unitree Robotics,humanoids,unitreerobotics/G1_Dex1_PackBag,1,750,,2026-07-01,2026-07-01,,modality:video library:datasets library:mlcroissant,https://huggingface.co/datasets/unitreerobotics/G1_Dex1_PackBag,
huggingface,Unitree Robotics,humanoids,unitreerobotics/G1_Dex1_OrganizeTools,1,1306,,2026-07-01,2026-07-01,,modality:video library:datasets library:mlcroissant,https://huggingface.co/datasets/unitreerobotics/G1_Dex1_OrganizeTools,
huggingface,Unitree Robotics,humanoids,unitreerobotics/G1_Dex1_StoreCups,1,818,,2026-07-01,2026-07-01,,modality:video library:datasets library:mlcroissant,https://huggingface.co/datasets/unitreerobotics/G1_Dex1_StoreCups,
huggingface,Unitree Robotics,humanoids,unitreerobotics/G1_Dex1_StackBowls,1,649,,2026-06-30,2026-07-01,,modality:video,https://huggingface.co/datasets/unitreerobotics/G1_Dex1_StackBowls,
huggingface,Unitree Robotics,humanoids,unitreerobotics/G1_Dex1_OrganizeStationery,0,787,,2026-06-30,2026-07-01,,modality:video,https://huggingface.co/datasets/unitreerobotics/G1_Dex1_OrganizeStationery,
huggingface,Unitree Robotics,humanoids,unitreerobotics/G1_Dex1_SpellRobot,0,1388,,2026-06-30,2026-06-30,,modality:video library:datasets library:mlcroissant,https://huggingface.co/datasets/unitreerobotics/G1_Dex1_SpellRobot,
huggingface,Unitree Robotics,humanoids,unitreerobotics/G1_Dex1_OrganizePencilCase,0,1208,,2026-06-30,2026-06-30,,modality:video library:datasets library:mlcroissant,https://huggingface.co/datasets/unitreerobotics/G1_Dex1_OrganizePencilCase,
huggingface,Unitree Robotics,humanoids,unitreerobotics/G1_Dex1_OrganizeBookshelf,1,872,,2026-06-30,2026-06-30,,modality:video library:datasets library:mlcroissant,https://huggingface.co/datasets/unitreerobotics/G1_Dex1_OrganizeBookshelf,
huggingface,Unitree Robotics,humanoids,unitreerobotics/G1_Dex1_FruitSorting,2,598,,2026-06-30,2026-06-30,,modality:video library:datasets library:mlcroissant,https://huggingface.co/datasets/unitreerobotics/G1_Dex1_FruitSorting,
huggingface,Unitree Robotics,humanoids,unitreerobotics/G1_Dex1_FruitCollection,1,703,,2026-06-30,2026-06-30,,modality:video library:datasets library:mlcroissant,https://huggingface.co/datasets/unitreerobotics/G1_Dex1_FruitCollection,
huggingface,Unitree Robotics,humanoids,unitreerobotics/G1_Dex1_FoldTowel,1,1389,,2026-06-30,2026-06-30,,modality:video library:datasets library:mlcroissant,https://huggingface.co/datasets/unitreerobotics/G1_Dex1_FoldTowel,
huggingface,Unitree Robotics,humanoids,unitreerobotics/G1_Dex1_DisconnectEthernet,1,922,,2026-06-30,2026-06-30,,modality:video library:datasets library:mlcroissant,https://huggingface.co/datasets/unitreerobotics/G1_Dex1_DisconnectEthernet,
huggingface,Unitree Robotics,humanoids,unitreerobotics/G1_Dex1_ConveyorSorting,0,1162,,2026-06-30,2026-06-30,,modality:video library:datasets library:mlcroissant,https://huggingface.co/datasets/unitreerobotics/G1_Dex1_ConveyorSorting,
huggingface,Unitree Robotics,humanoids,unitreerobotics/G1_Dex1_ColorArrangement,0,1070,,2026-06-30,2026-06-30,,modality:video library:datasets library:mlcroissant,https://huggingface.co/datasets/unitreerobotics/G1_Dex1_ColorArrangement,
huggingface,Unitree Robotics,humanoids,unitreerobotics/G1_Dex1_Unlock,0,734,,2026-06-30,2026-06-30,,modality:video library:datasets library:mlcroissant,https://huggingface.co/datasets/unitreerobotics/G1_Dex1_Unlock,
huggingface,Unitree Robotics,humanoids,unitreerobotics/G1_Dex1_ZipUp,0,711,,2026-06-30,2026-06-30,,modality:video library:datasets library:mlcroissant,https://huggingface.co/datasets/unitreerobotics/G1_Dex1_ZipUp,
huggingface,Unitree Robotics,humanoids,unitreerobotics/G1_Dex1_ArrangeTestTubes,1,911,,2026-06-30,2026-06-30,,modality:video library:datasets library:mlcroissant,https://huggingface.co/datasets/unitreerobotics/G1_Dex1_ArrangeTestTubes,
huggingface,Unitree Robotics,humanoids,unitreerobotics/G1_Dex1_ArrangePlates,1,1172,,2026-06-30,2026-06-30,,modality:video library:datasets library:mlcroissant,https://huggingface.co/datasets/unitreerobotics/G1_Dex1_ArrangePlates,
huggingface,Unitree Robotics,humanoids,unitreerobotics/G1_Dex1_HangCup,4,1416,,2026-06-30,2026-06-30,,modality:video library:datasets library:mlcroissant,https://huggingface.co/datasets/unitreerobotics/G1_Dex1_HangCup,
huggingface,Unitree Robotics,humanoids,unitreerobotics/G1_WBT_Inspire_Take_Plates_Into_Dishwasher,0,681,apache-2.0,2026-05-21,2026-05-21,,task_categories:robotics format:parquet modality:tabular modality:timeseries modality:video library:datasets library:dask library:polars library:mlcroissant LeRobot,https://huggingface.co/datasets/unitreerobotics/G1_WBT_Inspire_Take_Plates_Into_Dishwasher, Data Structure Observations observation.state.ee_state (12) End-effector states of the robot. Computed via forward kinematics (FK) from the root link to the left and right end-effectors. Includes the contribution of the waist. Represented as concate
huggingface,Unitree Robotics,humanoids,unitreerobotics/G1_WBT_Inspire_Clean_The_Living_Room,2,1923,apache-2.0,2026-05-18,2026-09-30,,task_categories:robotics format:parquet modality:tabular modality:timeseries modality:video library:datasets library:dask library:polars library:mlcroissant library:lerobot LeRobot,https://huggingface.co/datasets/unitreerobotics/G1_WBT_Inspire_Clean_The_Living_Room," Data Structure Codebase v3.0. All cameras are AV1-encoded, 480×640×3, 30 fps. Video Streams (observation.images.*) Key Description head_stereo_left / head_stereo_right Head stereo cameras wrist_left / wrist_right Wrist cameras Observations (observat"
huggingface,Unitree Robotics,humanoids,unitreerobotics/G1_WBT_Inspire_Pick_Up_Drinks_v0,1,2269,apache-2.0,2026-05-06,2026-09-30,,task_categories:robotics format:parquet modality:tabular modality:timeseries modality:video library:datasets library:dask library:polars library:mlcroissant library:lerobot LeRobot,https://huggingface.co/datasets/unitreerobotics/G1_WBT_Inspire_Pick_Up_Drinks_v0," Data Structure Codebase v3.0. All cameras are AV1-encoded, 480×640×3, 30 fps. Video Streams (observation.images.*) Key Description head_stereo_left / head_stereo_right Head stereo cameras wrist_left / wrist_right Wrist cameras Observations (observat"
huggingface,Unitree Robotics,humanoids,unitreerobotics/G1_WBT_Brainco_Pick_Up_Medicine_v0,1,1892,apache-2.0,2026-05-06,2026-09-30,,task_categories:robotics format:parquet modality:tabular modality:timeseries modality:video library:datasets library:dask library:polars library:mlcroissant library:lerobot LeRobot,https://huggingface.co/datasets/unitreerobotics/G1_WBT_Brainco_Pick_Up_Medicine_v0," Data Structure Codebase v3.0. All cameras are AV1-encoded, 480×640×3, 30 fps. Video Streams (observation.images.*) Key Description head_stereo_left / head_stereo_right Head stereo cameras wrist_left / wrist_right Wrist cameras Observations (observat"
huggingface,Unitree Robotics,humanoids,unitreerobotics/G1_WBT_Inspire_Put_Vegetables_Into_Basket_v0,1,2196,apache-2.0,2026-04-16,2026-09-30,,task_categories:robotics format:parquet modality:tabular modality:timeseries modality:video library:datasets library:dask library:polars library:mlcroissant library:lerobot LeRobot,https://huggingface.co/datasets/unitreerobotics/G1_WBT_Inspire_Put_Vegetables_Into_Basket_v0," Data Structure Codebase v3.0. All cameras are AV1-encoded, 480×640×3, 30 fps. Video Streams (observation.images.*) Key Description head_stereo_left / head_stereo_right Head stereo cameras wrist_left / wrist_right Wrist cameras Observations (observat"
huggingface,Unitree Robotics,humanoids,unitreerobotics/G1_WBT_Inspire_Put_Drinks_Into_Fridge_v0,1,1869,apache-2.0,2026-04-16,2026-09-30,,task_categories:robotics format:parquet modality:tabular modality:timeseries modality:video library:datasets library:dask library:polars library:mlcroissant library:lerobot LeRobot,https://huggingface.co/datasets/unitreerobotics/G1_WBT_Inspire_Put_Drinks_Into_Fridge_v0," Data Structure Codebase v3.0. All cameras are AV1-encoded, 480×640×3, 30 fps. Video Streams (observation.images.*) Key Description head_stereo_left / head_stereo_right Head stereo cameras wrist_left / wrist_right Wrist cameras Observations (observat"
huggingface,Unitree Robotics,humanoids,unitreerobotics/G1_WBT_Dex1_Put_Clothes_into_Washing_Machine,1,1937,apache-2.0,2026-04-16,2026-09-30,,task_categories:robotics format:parquet modality:tabular modality:timeseries modality:video library:datasets library:pandas library:polars library:mlcroissant library:lerobot LeRobot,https://huggingface.co/datasets/unitreerobotics/G1_WBT_Dex1_Put_Clothes_into_Washing_Machine," Data Structure Codebase v3.0. All cameras are AV1-encoded, 480×640×3, 30 fps. Video Streams (observation.images.*) Key Description head_stereo_left / head_stereo_right Head stereo cameras wrist_left / wrist_right Wrist cameras Observations (observat"
github,AgiBot,humanoids,AgibotTech/sonic_for_a3,63,,Apache-2.0,2026-09-24,2026-09-25,C++,,https://github.com/AgibotTech/sonic_for_a3,SONIC adpation for new full size humanoid agibot A3！
github,AgiBot,humanoids,AgibotTech/genie_sim_robot_model,0,,Apache-2.0,2026-09-22,2026-09-22,Python,,https://github.com/AgibotTech/genie_sim_robot_model,
github,AgiBot,humanoids,AgibotTech/A3_Ultra_usd,5,,,2026-08-24,2026-08-24,,,https://github.com/AgibotTech/A3_Ultra_usd,This is the USD file for the A3_ULTRA T3D0 model.
github,AgiBot,humanoids,AgibotTech/A3-A3U-robot-model,18,,,2026-08-04,2026-08-06,,,https://github.com/AgibotTech/A3-A3U-robot-model,robot model File
github,AgiBot,humanoids,AgibotTech/agibot_x2_urdf,12,,,2026-07-29,2026-09-21,,agibot issacsim mujoco robotics-simulation urdf,https://github.com/AgibotTech/agibot_x2_urdf,URDF models for AgiBot X2 series -- 智元灵犀X2系列 URDF
github,AgiBot,humanoids,AgibotTech/vine,1,,,2026-07-11,2026-09-20,HTML,,https://github.com/AgibotTech/vine,Project page for VINE: Taming Generative Control Policies for Reinforcement Learning https://arxiv.org/pdf/2607.10369
github,AgiBot,humanoids,AgibotTech/aloe,0,,,2026-07-09,2026-07-09,HTML,,https://github.com/AgibotTech/aloe,Home page for ALOE: Action-Level Off-Policy Evaluation for Vision-Language-Action Model Post-Training https://arxiv.org/abs/2602.12691
github,AgiBot,humanoids,AgibotTech/genie-corobot-blog,0,,,2026-06-26,2026-06-27,HTML,,https://github.com/AgibotTech/genie-corobot-blog,
github,AgiBot,humanoids,AgibotTech/GE-Sim-V2,157,,Apache-2.0,2026-05-22,2026-06-25,Python,,https://github.com/AgibotTech/GE-Sim-V2,Genie Envisioner World Simulator 2.0 (GE-Sim 2.0)
github,AgiBot,humanoids,AgibotTech/agillink_omnihand_sdk,27,,,2026-05-07,2026-09-25,C++,,https://github.com/AgibotTech/agillink_omnihand_sdk,
huggingface,AgiBot,humanoids,agibot-world/5931629954,1,113,,2026-10-05,2026-10-06,,modality:video library:datasets library:mlcroissant,https://huggingface.co/datasets/agibot-world/5931629954,
huggingface,AgiBot,humanoids,agibot-world/2754089950,1,67,,2026-09-30,2026-09-30,,,https://huggingface.co/datasets/agibot-world/2754089950,
huggingface,AgiBot,humanoids,agibot-world/68994783,1,91,,2026-09-28,2026-09-30,,modality:video library:datasets library:mlcroissant,https://huggingface.co/datasets/agibot-world/68994783,
huggingface,AgiBot,humanoids,agibot-world/9673220750,1,111,,2026-09-26,2026-09-27,,,https://huggingface.co/datasets/agibot-world/9673220750,
huggingface,AgiBot,humanoids,agibot-world/3137920985,2,303,,2026-09-26,2026-09-30,,modality:video library:datasets library:mlcroissant,https://huggingface.co/datasets/agibot-world/3137920985,
huggingface,AgiBot,humanoids,agibot-world/471908263547,0,260,,2026-09-24,2026-09-24,,modality:video library:datasets library:mlcroissant,https://huggingface.co/datasets/agibot-world/471908263547,
huggingface,AgiBot,humanoids,agibot-world/2802381415,2,69,,2026-09-17,2026-09-24,,modality:video library:datasets library:mlcroissant,https://huggingface.co/datasets/agibot-world/2802381415,
huggingface,AgiBot,humanoids,agibot-world/GenieSim3.0-Dataset,2,1359,,2026-06-22,2026-09-07,,,https://huggingface.co/datasets/agibot-world/GenieSim3.0-Dataset,
github,Booster Robotics,humanoids,BoosterRobotics/sim-3v3-simple-framework,10,,MIT,2026-07-16,2026-07-20,Python,,https://github.com/BoosterRobotics/sim-3v3-simple-framework,
github,EngineAI,humanoids,engineai-robotics/engineai_robot_simulation_runtime,3,,BSD-3-Clause,2026-09-11,2026-09-20,Shell,,https://github.com/engineai-robotics/engineai_robot_simulation_runtime,EngineAI Robotics Simulation Runtime
github,EngineAI,humanoids,engineai-robotics/engineai_navigation,31,,Apache-2.0,2026-09-03,2026-09-10,C++,,https://github.com/engineai-robotics/engineai_navigation,"This repository is an SRU-based autonomous navigation project for the EngineAI PM01 humanoid robot. It perceives the environment from ordered LiDAR range images, trains an end-to-end PPO policy, and outputs velocity commands that the low-level walkin"
github,EngineAI,humanoids,engineai-robotics/GMR,11,,MIT,2026-08-05,2026-08-05,Python,,https://github.com/engineai-robotics/GMR,"GMR for EngineAI Robots. Retarget human motions (BVH, SMPL-X, AMASS) to EngineAI PM01 and T800 humanoid robots."
github,EngineAI,humanoids,engineai-robotics/engineai_robotics_description,7,,,2026-07-27,2026-08-14,,,https://github.com/engineai-robotics/engineai_robotics_description,"Robot model description repository for EngineAI robotics platforms, including PM01, T800 and T800 Pro robot."
github,EngineAI,humanoids,engineai-robotics/engineai_rl_lab,50,,BSD-3-Clause,2026-06-24,2026-09-29,Python,,https://github.com/engineai-robotics/engineai_rl_lab,"This project provides a set of reinforcement learning environments based on Isaac Lab. It currently supports EngineAI PM01 and T800 robots, with implemented tasks including whole-body tracking and AMP."
github,EngineAI,humanoids,engineai-robotics/engineai_amp,48,,BSD-3-Clause,2026-04-22,2026-05-07,Python,,https://github.com/engineai-robotics/engineai_amp,
github,Westwood Robotics,humanoids,WestwoodRobotics/FTCTemplate,0,,,2026-07-28,2026-08-02,TypeScript,,https://github.com/WestwoodRobotics/FTCTemplate,
github,Westwood Robotics,humanoids,WestwoodRobotics/hungamunga,0,,,2026-05-17,2026-09-25,,,https://github.com/WestwoodRobotics/hungamunga,"Hunga Munga Website, courtesy of Arnav and jayan"
github,Westwood Robotics,humanoids,WestwoodRobotics/westwood-finance,2,,,2026-04-12,2026-08-10,Svelte,,https://github.com/WestwoodRobotics/westwood-finance,
github,LimX Dynamics,humanoids,limxdynamics/tron2-navigation-pct-gpl,0,,GPL-2.0,2026-09-17,2026-09-23,Python,,https://github.com/limxdynamics/tron2-navigation-pct-gpl,GPL-2.0-or-later PCT planner sources for tron2-navigation-ros2
github,LimX Dynamics,humanoids,limxdynamics/tron2-navigation-fastlio-gpl,0,,GPL-2.0,2026-09-17,2026-09-23,C++,,https://github.com/limxdynamics/tron2-navigation-fastlio-gpl,GPL-2.0-only FAST-LIO ROS 2 sources for tron2-navigation-ros2
github,LimX Dynamics,humanoids,limxdynamics/tron2-navigation-ros2,1,,Apache-2.0,2026-09-11,2026-09-24,C++,humanoid-robot lidar limx navigation path-planning robosense robotics ros2 ros2-humble tron2,https://github.com/limxdynamics/tron2-navigation-ros2,"ROS 2 Humble navigation integration for LimX TRON2 — production SCAN-Planner subset, RoboSense LiDAR drivers & safety/deployment tooling; GPL components in companion repos"
github,LimX Dynamics,humanoids,limxdynamics/tron2_manipulation_controller,1,,Apache-2.0,2026-09-08,2026-09-14,Python,dual-arm humanoid-robot limx manipulation motion-control mujoco robot-control robotics simulation tron2,https://github.com/limxdynamics/tron2_manipulation_controller,"Manipulation controller runtime for the LimX TRON2A dual-arm robot (DACH_TRON2A) — QP-based motion planning & PD control over the WebSocket SDK, with a local MuJoCo simulation workspace."
github,LimX Dynamics,humanoids,limxdynamics/luna-description,0,,Apache-2.0,2026-09-03,2026-09-21,CMake,bipedal humanoid-robot isaac-sim limx luna mujoco robot-description robotics ros ros2 simulation urdf,https://github.com/limxdynamics/luna-description,"URDF, MuJoCo MJCF & USD models for the LimX Luna humanoid robot — 27 actuated joints with parallel ankle/waist linkages. ROS, MuJoCo & Isaac Sim ready."
github,LimX Dynamics,humanoids,limxdynamics/tron2_openpi,26,,Apache-2.0,2026-07-14,2026-10-08,Python,deployment humanoid-robot imitation-learning limx manipulation openpi robotics tron2 vla,https://github.com/limxdynamics/tron2_openpi,"Deployment-focused fork of OpenPI for LimX TRON2 manipulation — pi0.5 policy serving, task fine-tuning, TRON2 transforms, and real-robot client examples."
github,LimX Dynamics,humanoids,limxdynamics/tron2_env,1,,Apache-2.0,2026-07-14,2026-09-22,Python,deployment humanoid-robot limx manipulation robot-control robotics tron2 vla,https://github.com/limxdynamics/tron2_env,"Gym-style runtime environment for LimX TRON2 manipulation — WebSocket robot transport, motion control & multi-camera observation."
github,LimX Dynamics,humanoids,limxdynamics/troncamp-web-locomotion,0,,Apache-2.0,2026-06-25,2026-09-01,Python,hackathon leaderboard limx locomotion reinforcement-learning robotics tron2 troncamp,https://github.com/limxdynamics/troncamp-web-locomotion,TronCamp locomotion hackathon official site — dual-track leaderboard for TRON2 (arm-leg compound terrain) and Oli humanoid (long-distance traversal) challenges. Built with submit.py CLI for auto-evaluation and leaderboard ranking.
github,LimX Dynamics,humanoids,limxdynamics/troncamp-web-mani,0,,Apache-2.0,2026-06-25,2026-08-11,HTML,competition github-pages hackathon leaderboard limx robotics static-site tron2 troncamp,https://github.com/limxdynamics/troncamp-web-mani,"TronCamp manipulation hackathon — official site (GitHub Pages): task specs, rules, leaderboard & contestant docs."
github,LimX Dynamics,humanoids,limxdynamics/troncamp-mani,13,,Apache-2.0,2026-06-25,2026-07-04,Python,competition dual-arm-manipulation hackathon imitation-learning limx manipulation robotics robotwin simulation tron2 troncamp,https://github.com/limxdynamics/troncamp-mani,"TronCamp ACT manipulation hackathon kit — LimX Tron2 dual-arm, RoboTwin, single-GPU ACT training, 4-task graded leaderboard (T4 stack_bowls_three)."
github,LimX Dynamics,humanoids,limxdynamics/tron2_mujoco_sim,5,,Apache-2.0,2026-06-12,2026-08-28,Python,humanoid-robot limx locomotion mujoco physics-simulation reinforcement-learning sim-to-real simulation tron2,https://github.com/limxdynamics/tron2_mujoco_sim,MuJoCo-based simulator for TRON2A humanoid robots — bridges LimX SDK communication to physics simulation for controller testing and Sim-to-Real verification. Supports SF (biped) and WF (wheel-foot) variants.
github,LimX Dynamics,humanoids,limxdynamics/tron2_gazebo_ros,3,,Apache-2.0,2026-06-12,2026-08-10,C++,gazebo humanoid-robot limx locomotion physics-simulation ros simulation tron2,https://github.com/limxdynamics/tron2_gazebo_ros,Gazebo Classic 11 simulation workspace for TRON2 robots (ROS Noetic) — provides physics simulation with Tron2HWSim plugin bridging to LimX SDK. Supports SF (biped) and WF (wheel-foot) variants.
github,LimX Dynamics,humanoids,limxdynamics/tron2_rl_deploy_ros,2,,Apache-2.0,2026-06-12,2026-08-10,C++,deployment gazebo limx locomotion onnx reinforcement-learning robotics ros sim-to-real tron2,https://github.com/limxdynamics/tron2_rl_deploy_ros,ROS Noetic RL deployment workspace for TRON2 robots — unified ONNX inference pipeline with Gazebo simulation and real-hardware control. Supports SF (biped) and WF (wheel-foot) variants.
github,LimX Dynamics,humanoids,limxdynamics/tron2_rl_deploy_python,2,,Apache-2.0,2026-06-12,2026-09-22,Python,deployment humanoid-robot limx locomotion mujoco onnx reinforcement-learning robot-control robotics sim-to-real tron2,https://github.com/limxdynamics/tron2_rl_deploy_python,"RL deployment/inference for LimX TRON2A humanoid (Sole-Foot & Wheel-Foot) — ONNX Runtime, MuJoCo sim & real hardware."
github,LimX Dynamics,humanoids,limxdynamics/tron2_rl_lab,12,,Apache-2.0,2026-06-12,2026-08-25,Python,humanoid-robot isaac-lab isaac-sim legged-robots limx ppo reinforcement-learning robotics rsl-rl sim-to-real tron2,https://github.com/limxdynamics/tron2_rl_lab,"RL training pipeline for LimX TRON2A humanoid — Isaac Lab + PPO (rsl_rl), Sole-Foot & Wheel-Foot variants."
github,LimX Dynamics,humanoids,limxdynamics/TRON2_YG_LAB,4,,Apache-2.0,2026-06-04,2026-09-01,Python,humanoid-robot isaac-lab limx locomotion manipulation ppo reinforcement-learning robotics sim-to-real tron2,https://github.com/limxdynamics/TRON2_YG_LAB,Isaac Lab RL training stack for TRON2A with 6-DoF arm and gripper — PPO-based locomotion policy training supporting SF/WF (foot variants) and SFYG/WFYG (arm+gripper locked variants). Built for the ATEC challenge.
github,LimX Dynamics,humanoids,limxdynamics/GMR,3,,MIT,2026-05-25,2026-09-24,Python,humanoid-robot imitation-learning inverse-kinematics motion-capture motion-retargeting mujoco reinforcement-learning robotics smplx teleoperation,https://github.com/limxdynamics/GMR,"LimX Dynamics fork of GMR (General Motion Retargeting): retarget human motion (SMPL-X/BVH/Xsens/OptiTrack) into LimX humanoids (OLI EDU, Luna) and 17+ other robots in real time on CPU."
github,LimX Dynamics,humanoids,limxdynamics/tron2-robot-description,14,,Apache-2.0,2026-05-12,2026-09-17,CMake,humanoid-robot isaac-sim limx mujoco robot-description robotics ros ros2 simulation tron2 urdf,https://github.com/limxdynamics/tron2-robot-description,"URDF/xacro, MuJoCo XML, mesh & USD models for LimX TRON2A — 6 variants (dual-arm, bipedal, wheeled-leg), ROS 1/2 & simulation ready."
github,LimX Dynamics,humanoids,limxdynamics/limx-cli,3,,Apache-2.0,2026-05-08,2026-06-24,JavaScript,ai-agent cli limx robotics scratch websocket,https://github.com/limxdynamics/limx-cli,Skill control CLI for LimX robots — AI Agent orchestration & Scratch visual programming
github,Deep Robotics,legged_and_mobile,DeepRoboticsLab/deep-research,0,,,2026-09-29,2026-09-29,,,https://github.com/DeepRoboticsLab/deep-research,Community research and secondary development built on DEEP Robotics products.
github,Deep Robotics,legged_and_mobile,DeepRoboticsLab/deep-robotics-retarget,1,,BSD-3-Clause,2026-08-07,2026-09-08,Python,,https://github.com/DeepRoboticsLab/deep-robotics-retarget,
github,Deep Robotics,legged_and_mobile,DeepRoboticsLab/deep-robotics-mimic,2,,BSD-3-Clause,2026-08-07,2026-09-09,Python,,https://github.com/DeepRoboticsLab/deep-robotics-mimic,
github,Deep Robotics,legged_and_mobile,DeepRoboticsLab/deep-robotics-simulation,3,,BSD-3-Clause,2026-07-27,2026-09-09,Python,,https://github.com/DeepRoboticsLab/deep-robotics-simulation,
github,Deep Robotics,legged_and_mobile,DeepRoboticsLab/deep-robotics-teleoperate,4,,BSD-3-Clause,2026-07-27,2026-08-31,C++,,https://github.com/DeepRoboticsLab/deep-robotics-teleoperate,
github,Deep Robotics,legged_and_mobile,DeepRoboticsLab/deep-robotics-sdk2,5,,BSD-3-Clause,2026-07-27,2026-09-09,C++,,https://github.com/DeepRoboticsLab/deep-robotics-sdk2,
github,Deep Robotics,legged_and_mobile,DeepRoboticsLab/deep-robotics-msg,2,,BSD-3-Clause,2026-07-27,2026-08-04,CMake,,https://github.com/DeepRoboticsLab/deep-robotics-msg,
github,Deep Robotics,legged_and_mobile,DeepRoboticsLab/station-openapi-devkit,0,,BSD-3-Clause,2026-07-21,2026-07-25,Java,,https://github.com/DeepRoboticsLab/station-openapi-devkit,A Java SDK for integrating applications with the DeepRobotics Station Platform｜用于将应用接入云深处智巡平台的 Java SDK
github,Deep Robotics,legged_and_mobile,DeepRoboticsLab/m20-android-sdk,14,,Apache-2.0,2026-06-17,2026-07-13,Kotlin,,https://github.com/DeepRoboticsLab/m20-android-sdk,"Android SDK for Lynx M20 — provides robot connection, state management, remote control, and controller input integration for building custom control apps."
github,Clearpath Robotics,legged_and_mobile,clearpathrobotics/roscon2026-mastering-the-jazzy-rmw,35,,Apache-2.0,2026-08-21,2026-09-28,Python,,https://github.com/clearpathrobotics/roscon2026-mastering-the-jazzy-rmw,ROSCon 2026 Workshop - Mastering the Jazzy RMW
github,Clearpath Robotics,legged_and_mobile,clearpathrobotics/clearpath_community_demos,7,,,2026-05-08,2026-10-02,Liquid,,https://github.com/clearpathrobotics/clearpath_community_demos,
github,Clearpath Robotics,legged_and_mobile,clearpathrobotics/unified_manipulation_config,0,,,2026-04-21,2026-05-21,,,https://github.com/clearpathrobotics/unified_manipulation_config,
github,ROBOTIS,legged_and_mobile,ROBOTIS-GIT/cyclo_solution,4,,Apache-2.0,2026-09-07,2026-09-22,Python,,https://github.com/ROBOTIS-GIT/cyclo_solution,cyclo_solution
github,ROBOTIS,legged_and_mobile,ROBOTIS-GIT/cyclo_mjlab,5,,Apache-2.0,2026-08-27,2026-10-06,Python,,https://github.com/ROBOTIS-GIT/cyclo_mjlab,A MuJoCo-based MJLab development environment and simulation toolkit for ROBOTIS robots.
github,ROBOTIS,legged_and_mobile,ROBOTIS-GIT/ai_sapiens,67,,Apache-2.0,2026-07-21,2026-10-08,C++,,https://github.com/ROBOTIS-GIT/ai_sapiens,Open Humanoid AI Sapiens
github,ROBOTIS,legged_and_mobile,ROBOTIS-GIT/docs,4,,,2026-05-17,2026-10-08,MDX,,https://github.com/ROBOTIS-GIT/docs,This is the documentation page containing manuals for all products by ROBOTIS.
github,ROBOTIS,legged_and_mobile,ROBOTIS-GIT/cyclo_intelligence,35,,Apache-2.0,2026-05-07,2026-10-08,Python,,https://github.com/ROBOTIS-GIT/cyclo_intelligence,cyclo_intelligence
github,ROBOTIS,legged_and_mobile,ROBOTIS-GIT/cyclo,49,,,2026-04-14,2026-08-11,,,https://github.com/ROBOTIS-GIT/cyclo,"Cyclo is an open, modular framework for building and operating Physical AI systems across AI integration, data workflows, robot control, simulation, and operations on real hardware."
github,Hello Robot,legged_and_mobile,hello-robot/stretch4_nav_webapp,1,,,2026-09-11,2026-10-08,JavaScript,,https://github.com/hello-robot/stretch4_nav_webapp," Web UI for Stretch 4 mapping, map editing, and navigation"
github,Hello Robot,legged_and_mobile,hello-robot/stretch4_jetson_switcher,0,,Apache-2.0,2026-09-04,2026-09-04,Python,,https://github.com/hello-robot/stretch4_jetson_switcher,Switches the currently running application on Stretch 4's Jetson Orin NX coprocessor
github,Hello Robot,legged_and_mobile,hello-robot/stretch4_tool_share,0,,Apache-2.0,2026-08-12,2026-09-19,Python,,https://github.com/hello-robot/stretch4_tool_share,This repository is a unified space to share all stretch4 compatible EOA tools with the stretch user community. 
github,Hello Robot,legged_and_mobile,hello-robot/stretch4_docking,12,,Apache-2.0,2026-08-07,2026-09-21,Python,,https://github.com/hello-robot/stretch4_docking,
github,Hello Robot,legged_and_mobile,hello-robot/stretch4_tray,0,,,2026-07-02,2026-08-26,Python,,https://github.com/hello-robot/stretch4_tray,Ubuntu system tray application for displaying battery level and menu for launching Stretch tools or help resources
github,Hello Robot,legged_and_mobile,hello-robot/stretch4_support,0,,Apache-2.0,2026-06-16,2026-06-16,,,https://github.com/hello-robot/stretch4_support,
github,Hello Robot,legged_and_mobile,hello-robot/stretch4_kinematics,3,,,2026-06-10,2026-09-21,Python,,https://github.com/hello-robot/stretch4_kinematics,
github,Hello Robot,legged_and_mobile,hello-robot/stretch4_install,4,,,2026-05-29,2026-10-08,Shell,,https://github.com/hello-robot/stretch4_install,Install scripts for the Stretch 4 robot from Hello Robot Inc.
github,Hello Robot,legged_and_mobile,hello-robot/stretch4_ros2,5,,,2026-05-12,2026-10-07,Python,,https://github.com/hello-robot/stretch4_ros2,ROS 2 packages for the Stretch 4 robot
github,Hello Robot,legged_and_mobile,hello-robot/stretch4_human_perception,1,,Apache-2.0,2026-05-11,2026-08-12,Python,,https://github.com/hello-robot/stretch4_human_perception,This repository provides methods to enable the Stretch 4 mobile manipulator from Hello Robot to perceive humans.
github,Hello Robot,legged_and_mobile,hello-robot/stretch4_rgbd,0,,Apache-2.0,2026-05-11,2026-09-18,Python,,https://github.com/hello-robot/stretch4_rgbd,This repository provides methods to improve RGB-D imagery from the Stretch 4 mobile manipulator from Hello Robot.
github,Hello Robot,legged_and_mobile,hello-robot/stretch4_compliant_gripper,0,,Apache-2.0,2026-05-11,2026-09-30,Python,,https://github.com/hello-robot/stretch4_compliant_gripper,Code for modeling and controlling the standard Stretch 4 compliant gripper from Hello Robot Inc.
github,Hello Robot,legged_and_mobile,hello-robot/stretch4_flying_gripper,0,,Apache-2.0,2026-05-11,2026-09-28,Python,,https://github.com/hello-robot/stretch4_flying_gripper,"This repository provides gamepad control of the robot's gripper using the gripper's coordinate system. At each time step, the controller uses a Jacobian found via a specialized URDF to set the joint velocities using weighted damped pseudo-inverse con"
github,Hello Robot,legged_and_mobile,hello-robot/stretch4_dual_lidar_calibration,0,,Apache-2.0,2026-05-11,2026-08-11,Python,,https://github.com/hello-robot/stretch4_dual_lidar_calibration,This repository is for the Stretch 4 mobile manipulator by Hello Robot . It contains calibration methods that use the two hemispherical LiDAR mounted to Stretch 4's head.
github,Hello Robot,legged_and_mobile,hello-robot/stretch4_pyhesai_wrapper,1,,Apache-2.0,2026-05-11,2026-10-07,Python,,https://github.com/hello-robot/stretch4_pyhesai_wrapper,This repository provides a Python wrapper for the Hesai JT128 3D hemispherical LiDAR used by the Stretch 4 mobile manipulator from Hello Robot Inc.
github,Hello Robot,legged_and_mobile,hello-robot/stretch4_web_teleop,1,,Apache-2.0,2026-05-11,2026-10-07,TypeScript,,https://github.com/hello-robot/stretch4_web_teleop,Accessible Web-Based Teleop Interface for Stretch 4
github,Hello Robot,legged_and_mobile,hello-robot/stretch4_body,2,,,2026-05-11,2026-10-07,Python,,https://github.com/hello-robot/stretch4_body,Python API for the Stretch 4 robot
github,Hello Robot,legged_and_mobile,hello-robot/stretch4_mujoco,4,,BSD-3-Clause-Clear,2026-05-11,2026-10-07,Python,,https://github.com/hello-robot/stretch4_mujoco,"A simulation stack for Stretch 4, built on MuJoCo."
github,Hello Robot,legged_and_mobile,hello-robot/stretch4_urdf,3,,,2026-05-06,2026-10-06,Python,,https://github.com/hello-robot/stretch4_urdf,URDF for the Stretch 4 mobile manipulator from Hello Robot Inc.
github,Hello Robot,legged_and_mobile,hello-robot/stretch_knowledge_base,0,,,2026-05-03,2026-05-03,Shell,,https://github.com/hello-robot/stretch_knowledge_base,A KB for agentic wisdom
github,PAL Robotics,legged_and_mobile,pal-robotics/pal_rh8d,1,,,2026-06-29,2026-06-29,Python,,https://github.com/pal-robotics/pal_rh8d,RH8D Adult size Dexterous Robot Hand from Seed Robotics
github,PAL Robotics,legged_and_mobile,pal-robotics/pal_policy_deployer,6,,,2026-06-25,2026-09-02,C++,,https://github.com/pal-robotics/pal_policy_deployer,A policy execution pipeline package that provides tools to deploy ONNX models
github,PAL Robotics,legged_and_mobile,pal-robotics/pal_robots_usd,0,,Apache-2.0,2026-05-06,2026-05-06,,,https://github.com/pal-robotics/pal_robots_usd,USD files of PAL Robotics' robots
github,Yahboom,legged_and_mobile,YahboomTechnology/MicroROS-V2-Robot-Car,2,,,2026-08-18,2026-08-19,,esp32 esp32-s3 robotics,https://github.com/YahboomTechnology/MicroROS-V2-Robot-Car,MicroROS V2 ROS2 AI Robot Car for PC virtual machine (MacOS is not supported)
github,Yahboom,legged_and_mobile,YahboomTechnology/Lastbit,0,,,2026-08-07,2026-08-13,,educational-project makecode microbit-v2 microbitv2 robotics stem,https://github.com/YahboomTechnology/Lastbit,Yahboom Last:bit Tracked Robot Car for BBC micro:bit
github,Yahboom,legged_and_mobile,YahboomTechnology/RDK-S600,0,,,2026-07-17,2026-09-16,,d-robotics rdk ros2 ros2-humble,https://github.com/YahboomTechnology/RDK-S600,RDK S600 Robot Developer Kit(560TOPS)
github,Yahboom,legged_and_mobile,YahboomTechnology/DOFBOT-Ultra,0,,,2026-07-10,2026-09-20,,raspberry-pi robotic-arm ros2 ros2-humble,https://github.com/YahboomTechnology/DOFBOT-Ultra,DOFBOT Ultra AI Large Language Model 3D Depth Vision Robotic Arm for RDK X5/RaspberryPi 5
github,Yahboom,legged_and_mobile,YahboomTechnology/WLR722-LiDAR,1,,,2026-05-06,2026-05-20,,lidar,https://github.com/YahboomTechnology/WLR722-LiDAR,WLR-722 32-line Mechanical Lidar(Range: 40M)
github,Hiwonder,legged_and_mobile,Hiwonder/NexArm,0,,,2026-08-27,2026-08-27,Python,,https://github.com/Hiwonder/NexArm,ROS 2 software platform for the NexArm robotic arm
github,Hiwonder,legged_and_mobile,Hiwonder/ClawPi,0,,,2026-08-27,2026-08-27,Python,,https://github.com/Hiwonder/ClawPi,ROS 2 mobile manipulation platform
github,Petoi,legged_and_mobile,PetoiCamp/DOFvalue,0,,,2026-09-17,2026-10-01,HTML,degree-of-freedom robotics,https://github.com/PetoiCamp/DOFvalue,"DoF Feasibility Index — a quantitative framework for engineering scalability of robots & electromechanical products. Interactive article, calculator, and product cases."
github,Enactic,arms_and_manipulators,enactic/openarm_lerobot_policy_server,0,,Apache-2.0,2026-10-07,2026-10-07,Python,,https://github.com/enactic/openarm_lerobot_policy_server,LeRobot based policy server that can be used with dora-openarm-local-policy-server and dora-openarm-docker-policy-server
github,Enactic,arms_and_manipulators,enactic/dora-openarm-webxr,2,,Apache-2.0,2026-07-13,2026-10-06,Python,,https://github.com/enactic/dora-openarm-webxr,dora-rs node that provides WebXR server for VR OpenArm teleoperation
github,Enactic,arms_and_manipulators,enactic/dora-openarm-vr,8,,Apache-2.0,2026-05-18,2026-09-18,Python,,https://github.com/enactic/dora-openarm-vr,VR-based teleoperation for the OpenArm robot using Meta Quest 3 and dora-rs dataflows.
github,Enactic,arms_and_manipulators,enactic/dora-openarm-kinematics,0,,Apache-2.0,2026-05-18,2026-09-18,Python,,https://github.com/enactic/dora-openarm-kinematics,dora-rs node for forward and inverse kinematics on OpenArm
github,Enactic,arms_and_manipulators,enactic/openarm_control,7,,Apache-2.0,2026-05-18,2026-10-07,Python,,https://github.com/enactic/openarm_control,OpenArm Control: Kinematics and Dynamics for OpenArm
github,Enactic,arms_and_manipulators,enactic/dora-openarm-ros2,0,,Apache-2.0,2026-05-15,2026-07-23,Python,,https://github.com/enactic/dora-openarm-ros2,dora-rs node that forwards OpenArm data in dora-rs dataflow to ROS2
github,Enactic,arms_and_manipulators,enactic/dora-openarm-mujoco,0,,Apache-2.0,2026-05-15,2026-09-18,Python,,https://github.com/enactic/dora-openarm-mujoco,dora-rs node that simulates OpenArm bimanual robot in MuJoCo
huggingface,Trossen Robotics,arms_and_manipulators,TrossenRoboticsCommunity/dishes,1,41,,2026-07-31,2026-07-31,,modality:video library:datasets library:mlcroissant,https://huggingface.co/datasets/TrossenRoboticsCommunity/dishes,
huggingface,Trossen Robotics,arms_and_manipulators,TrossenRoboticsCommunity/mobile-baseoff-tshirt-folding-lerobot-V3,0,140,apache-2.0,2026-07-01,2026-07-23,,task_categories:robotics format:parquet modality:tabular modality:timeseries modality:video library:datasets library:dask library:polars library:mlcroissant library:lerobot LeRobot,https://huggingface.co/datasets/TrossenRoboticsCommunity/mobile-baseoff-tshirt-folding-lerobot-V3,"This dataset was created using LeRobot. Dataset Structure meta/info.json: { ""codebase_version"": ""v3.0"", ""robot_type"": ""bi_widowxai_follower_robot"", ""total_episodes"": 101, ""total_frames"": 155841, ""total_tasks"": 2, ""chunks_size"": 1000, ""data_files_size"
huggingface,Trossen Robotics,arms_and_manipulators,TrossenRoboticsCommunity/widowx_ai_orange_block_transfer,0,101,apache-2.0,2026-06-10,2026-06-10,,task_categories:robotics format:parquet modality:tabular modality:timeseries modality:video library:datasets library:pandas library:polars library:mlcroissant library:lerobot LeRobot,https://huggingface.co/datasets/TrossenRoboticsCommunity/widowx_ai_orange_block_transfer,"This dataset was created using LeRobot. Dataset Structure meta/info.json: { ""codebase_version"": ""v3.0"", ""robot_type"": ""bi_widowxai_follower_robot"", ""total_episodes"": 20, ""total_frames"": 13180, ""total_tasks"": 1, ""chunks_size"": 1000, ""data_files_size_i"
huggingface,Trossen Robotics,arms_and_manipulators,TrossenRoboticsCommunity/stationary-organize-tools-converted-v3-relative,0,124,apache-2.0,2026-06-04,2026-06-04,,task_categories:robotics format:parquet modality:tabular modality:video library:datasets library:pandas library:polars library:mlcroissant library:lerobot LeRobot robot:stationary task:organize-tools source:converted format:v3 study:RLE-2 actions:relative,https://huggingface.co/datasets/TrossenRoboticsCommunity/stationary-organize-tools-converted-v3-relative,This dataset was created using LeRobot. Relative-action variant. Action normalization statistics are stored in relative space (arm joints relative to the current state; grippers kept absolute). Train with relative actions enabled so normalization mat
huggingface,Trossen Robotics,arms_and_manipulators,TrossenRoboticsCommunity/stationary-block-transfer-lerobot-v3,0,114,apache-2.0,2026-05-15,2026-05-20,,task_categories:robotics format:parquet modality:tabular modality:timeseries modality:video library:datasets library:dask library:polars library:mlcroissant LeRobot robot:stationary task:block-transfer source:lerobot format:v3 study:RLE-2,https://huggingface.co/datasets/TrossenRoboticsCommunity/stationary-block-transfer-lerobot-v3,"This dataset was created using LeRobot. Dataset Structure meta/info.json: { ""codebase_version"": ""v3.0"", ""robot_type"": ""bi_widowxai_follower_robot"", ""total_episodes"": 60, ""total_frames"": 26940, ""total_tasks"": 1, ""chunks_size"": 1000, ""data_files_size_i"
huggingface,Trossen Robotics,arms_and_manipulators,TrossenRoboticsCommunity/stationary-widget-kitting-lerobot-v3,0,106,apache-2.0,2026-05-14,2026-05-14,,task_categories:robotics format:parquet modality:tabular modality:timeseries modality:video library:datasets library:pandas library:polars library:mlcroissant LeRobot robot:stationary task:widget-kitting source:lerobot format:v3 study:RLE-22,https://huggingface.co/datasets/TrossenRoboticsCommunity/stationary-widget-kitting-lerobot-v3,"This dataset was created using LeRobot. Dataset Structure meta/info.json: { ""codebase_version"": ""v3.0"", ""robot_type"": ""bi_widowxai_follower_robot"", ""total_episodes"": 20, ""total_frames"": 17960, ""total_tasks"": 1, ""chunks_size"": 1000, ""data_files_size_i"
huggingface,Trossen Robotics,arms_and_manipulators,TrossenRoboticsCommunity/stationary-widget-assemble-onground-lerobot-v3,0,72,apache-2.0,2026-05-14,2026-05-14,,task_categories:robotics format:parquet modality:tabular modality:timeseries modality:video library:datasets library:pandas library:polars library:mlcroissant LeRobot robot:stationary task:widget-assemble source:lerobot format:v3 study:RLE-22,https://huggingface.co/datasets/TrossenRoboticsCommunity/stationary-widget-assemble-onground-lerobot-v3,"This dataset was created using LeRobot. Dataset Structure meta/info.json: { ""codebase_version"": ""v3.0"", ""robot_type"": ""bi_widowxai_follower_robot"", ""total_episodes"": 20, ""total_frames"": 17943, ""total_tasks"": 1, ""chunks_size"": 1000, ""data_files_size_i"
huggingface,Trossen Robotics,arms_and_manipulators,TrossenRoboticsCommunity/stationary-widget-assemble-lerobot-v3,0,78,apache-2.0,2026-05-14,2026-05-14,,task_categories:robotics format:parquet modality:tabular modality:timeseries modality:video library:datasets library:pandas library:polars library:mlcroissant LeRobot robot:stationary task:widget-assemble source:lerobot format:v3 study:RLE-22,https://huggingface.co/datasets/TrossenRoboticsCommunity/stationary-widget-assemble-lerobot-v3,"This dataset was created using LeRobot. Dataset Structure meta/info.json: { ""codebase_version"": ""v3.0"", ""robot_type"": ""bi_widowxai_follower_robot"", ""total_episodes"": 20, ""total_frames"": 17937, ""total_tasks"": 1, ""chunks_size"": 1000, ""data_files_size_i"
huggingface,Trossen Robotics,arms_and_manipulators,TrossenRoboticsCommunity/trumi-dataset,0,16,,2026-04-16,2026-04-16,,modality:video library:datasets library:mlcroissant,https://huggingface.co/datasets/TrossenRoboticsCommunity/trumi-dataset,
github,AgileX Robotics,arms_and_manipulators,agilexrobotics/UMA_SDK,0,,,2026-09-16,2026-09-24,C++,,https://github.com/agilexrobotics/UMA_SDK,
github,AgileX Robotics,arms_and_manipulators,agilexrobotics/UMA_Control,0,,,2026-09-16,2026-09-24,Python,,https://github.com/agilexrobotics/UMA_Control,
github,AgileX Robotics,arms_and_manipulators,agilexrobotics/open_nero,2,,,2026-09-15,2026-09-15,Python,,https://github.com/agilexrobotics/open_nero,open_nero_description
github,AgileX Robotics,arms_and_manipulators,agilexrobotics/agilex_arm_mujoco_sim,2,,,2026-07-29,2026-07-31,C++,,https://github.com/agilexrobotics/agilex_arm_mujoco_sim,
github,AgileX Robotics,arms_and_manipulators,agilexrobotics/agx_arm_kinematics,0,,,2026-07-02,2026-07-02,,,https://github.com/agilexrobotics/agx_arm_kinematics,
github,AgileX Robotics,arms_and_manipulators,agilexrobotics/dh_AG95_ros,2,,,2026-06-15,2026-06-16,,,https://github.com/agilexrobotics/dh_AG95_ros,
github,AgileX Robotics,arms_and_manipulators,agilexrobotics/Agilex_Pipers,1,,,2026-05-15,2026-05-15,,,https://github.com/agilexrobotics/Agilex_Pipers,Agilex_Pipers
github,AgileX Robotics,arms_and_manipulators,agilexrobotics/QuestArmTeleop,12,,,2026-04-21,2026-08-18,Python,,https://github.com/agilexrobotics/QuestArmTeleop,
github,Franka Robotics,arms_and_manipulators,frankarobotics/franka_simulation,2,,,2026-08-12,2026-08-12,,,https://github.com/frankarobotics/franka_simulation,
github,Franka Robotics,arms_and_manipulators,frankarobotics/labs,40,,Apache-2.0,2026-05-28,2026-09-10,Python,,https://github.com/frankarobotics/labs,"Learning & Acquisition of Behaviors Suite. Microservice-driven robotics data orchestration platform that coordinates actuators, sensors, and input devices in a unified pipeline."
github,Franka Robotics,arms_and_manipulators,frankarobotics/franka_follower_controllers,1,,Apache-2.0,2026-05-27,2026-10-07,C++,,https://github.com/frankarobotics/franka_follower_controllers,This package provides follower controllers for Franka robots. The purpose of these controllers is the control of Franka robots with a low-frequency control signal. 
github,Kinova,arms_and_manipulators,Kinovarobotics/igh_ethercat_master,0,,LGPL-2.1,2026-08-26,2026-08-26,,,https://github.com/Kinovarobotics/igh_ethercat_master,Kinova modified version of the IgH EtherCAT main device for Linux. This version is a dependency to the Kinova KIMA RCL (Robot Control Library).
github,Kinova,arms_and_manipulators,Kinovarobotics/ros2_link6,0,,,2026-08-19,2026-08-21,C++,,https://github.com/Kinovarobotics/ros2_link6,ROS2 driver for the Link6 Kinova robot arm
github,Flexiv,arms_and_manipulators,flexivrobotics/tdk_server,1,,,2026-07-30,2026-08-24,,,https://github.com/flexivrobotics/tdk_server,
github,Flexiv,arms_and_manipulators,flexivrobotics/flexiv_ddk_csharp,0,,Apache-2.0,2026-07-20,2026-07-23,C#,,https://github.com/flexivrobotics/flexiv_ddk_csharp,"C# bindings for Flexiv DDK, providing a lightweight P/Invoke wrapper, Windows x64 support, and examples aligned with the native C++ API."
github,Flexiv,arms_and_manipulators,flexivrobotics/flexiv_amr_ros2,0,,Apache-2.0,2026-07-01,2026-07-06,C++,,https://github.com/flexivrobotics/flexiv_amr_ros2,"ROS 2 integration package for Flexiv AMR SDK, providing nodes, messages, and examples for controlling and monitoring AMR platforms."
github,Flexiv,arms_and_manipulators,flexivrobotics/flexiv_amr_sdk,2,,Apache-2.0,2026-07-01,2026-07-06,C++,,https://github.com/flexivrobotics/flexiv_amr_sdk,"Public distribution repository for Flexiv AMR SDK headers, examples, CMake integration, and binary releases."
github,Flexiv,arms_and_manipulators,flexivrobotics/flexiv_elements_container,0,,Apache-2.0,2026-06-03,2026-06-11,Shell,,https://github.com/flexivrobotics/flexiv_elements_container,Tools to create Docker images for Flexiv Elements and Flexiv Elements Studio so multiple instances can run on the same computer using Docker containers.
github,Flexiv,arms_and_manipulators,flexivrobotics/flexiv_trainer,8,,Apache-2.0,2026-05-22,2026-09-22,Python,,https://github.com/flexivrobotics/flexiv_trainer,All-in-one software platform for training physical AI skills on Flexiv robots.
github,Dobot,arms_and_manipulators,Dobot-Arm/DebugTools,0,,,2026-08-21,2026-08-21,QMake,,https://github.com/Dobot-Arm/DebugTools,"DebugTools is a Qt-based DobotSCStudio plugin that provides communication, networking, Modbus, SSH, HTTP, and robot firmware update utilities."
github,Dobot,arms_and_manipulators,Dobot-Arm/DobotVisionStudio_QtModule,0,,,2026-08-19,2026-08-19,QMake,,https://github.com/Dobot-Arm/DobotVisionStudio_QtModule,A collection of Windows projects for Dobot robots and Hikrobot VisionMaster.
github,Dobot,arms_and_manipulators,Dobot-Arm/Embodylink,0,,,2026-08-17,2026-08-17,Python,,https://github.com/Dobot-Arm/Embodylink,"DobotRX is a toolkit for Dobot robot data collection, annotation, model training management, and teleoperation."
github,Dobot,arms_and_manipulators,Dobot-Arm/dobot_xtrainer,1,,,2026-08-17,2026-08-17,Python,,https://github.com/Dobot-Arm/dobot_xtrainer,The Xtrainer operation and control interface enables users to run teleoperation and data collection with minimal configuration.
github,Dobot,arms_and_manipulators,Dobot-Arm/Guangdong_Collegiate_Computing_Competition,0,,,2026-04-27,2026-04-30,Python,,https://github.com/Dobot-Arm/Guangdong_Collegiate_Computing_Competition,广东省计算机设计大赛具身操作应用场景挑战赛
github,UFACTORY,arms_and_manipulators,xArm-Developer/ufactory_resources,0,,,2026-06-16,2026-06-16,,,https://github.com/xArm-Developer/ufactory_resources,
github,UFACTORY,arms_and_manipulators,xArm-Developer/lerobot_robot_ufactory,6,,Apache-2.0,2026-06-16,2026-09-04,Python,,https://github.com/xArm-Developer/lerobot_robot_ufactory,🤗 LeRobot: Making AI for Robotics more accessible with end-to-end learning (UFACTORY Compatible)
github,UFACTORY,arms_and_manipulators,xArm-Developer/ufactory_genesis,3,,MIT,2026-06-11,2026-09-24,Python,,https://github.com/xArm-Developer/ufactory_genesis,UFACTORY robot demos for Genesis-world
github,Elephant Robotics,arms_and_manipulators,elephantrobotics/robotics_showcase_manifest,0,,,2026-08-18,2026-08-19,,,https://github.com/elephantrobotics/robotics_showcase_manifest,
github,Elephant Robotics,arms_and_manipulators,elephantrobotics/Pro450_3D_Kit,0,,,2026-07-28,2026-08-31,Python,,https://github.com/elephantrobotics/Pro450_3D_Kit,
github,Elephant Robotics,arms_and_manipulators,elephantrobotics/Pro450_3D_kit_doc,0,,,2026-07-27,2026-09-09,CSS,,https://github.com/elephantrobotics/Pro450_3D_kit_doc,
github,Elephant Robotics,arms_and_manipulators,elephantrobotics/Pro450_3D_kit_code,0,,,2026-07-27,2026-07-28,Python,,https://github.com/elephantrobotics/Pro450_3D_kit_code,
github,Elephant Robotics,arms_and_manipulators,elephantrobotics/MarsDog,0,,,2026-07-21,2026-10-07,Python,,https://github.com/elephantrobotics/MarsDog,MarsDog's APP
github,Elephant Robotics,arms_and_manipulators,elephantrobotics/Agvplus_intelligentUI,0,,,2026-07-17,2026-07-17,Python,,https://github.com/elephantrobotics/Agvplus_intelligentUI,
github,Elephant Robotics,arms_and_manipulators,elephantrobotics/AGVPlus_testtool,0,,,2026-05-18,2026-05-18,Python,,https://github.com/elephantrobotics/AGVPlus_testtool,
github,Elephant Robotics,arms_and_manipulators,elephantrobotics/AGVPlus_UI,0,,GPL-3.0,2026-05-18,2026-06-25,Python,,https://github.com/elephantrobotics/AGVPlus_UI,
github,Elephant Robotics,arms_and_manipulators,elephantrobotics/Mercury_L1_docs,0,,Apache-2.0,2026-04-22,2026-04-29,HTML,,https://github.com/elephantrobotics/Mercury_L1_docs,
github,Elephant Robotics,arms_and_manipulators,elephantrobotics/mercury_l1_ros2,0,,BSD-3-Clause,2026-04-11,2026-04-14,C++,,https://github.com/elephantrobotics/mercury_l1_ros2,ROS2 packages for Mercury L1
github,Techman Robot,arms_and_manipulators,TechmanRobotInc/TM_Cobots_ROS2_Description,1,,BSD-3-Clause,2026-07-07,2026-10-06,Python,,https://github.com/TechmanRobotInc/TM_Cobots_ROS2_Description,ROS2 URDF description for TM AI Cobots. (experimental)
github,Galaxea,arms_and_manipulators,OpenGalaxea/droid-franka-client,0,,,2026-06-19,2026-06-19,Python,,https://github.com/OpenGalaxea/droid-franka-client,
github,Galaxea,arms_and_manipulators,OpenGalaxea/droid,0,,,2026-06-19,2026-06-19,Jupyter Notebook,,https://github.com/OpenGalaxea/droid,
github,Galaxea,arms_and_manipulators,OpenGalaxea/G05,6,,,2026-06-01,2026-08-13,TypeScript,,https://github.com/OpenGalaxea/G05,
huggingface,Galaxea,arms_and_manipulators,OpenGalaxea/G05-LIBERO-Dataset,0,174,,2026-09-22,2026-09-22,,modality:video library:datasets library:mlcroissant library:lerobot robotics lerobot libero,https://huggingface.co/datasets/OpenGalaxea/G05-LIBERO-Dataset, G05 LIBERO Dataset This repository contains five separate LeRobot v3.0 datasets. Each top-level directory is a complete dataset with its original metadata and episode indices. The datasets have not been concatenated or reindexed. Directory Episodes 
github,Robotiq,arms_and_manipulators,robotiq/isaacsim_assets,10,,,2026-08-17,2026-10-07,Python,,https://github.com/robotiq/isaacsim_assets,Isaac Sim assets for Robotiq hardware
github,Robotiq,arms_and_manipulators,robotiq/grippers,6,,BSD-3-Clause,2026-07-15,2026-10-06,C++,cpp gripper modbus robotiq sdk,https://github.com/robotiq/grippers,"Robotiq Adaptive Gripper SDK (C++ controller, ...)"
github,Robotiq,arms_and_manipulators,robotiq/robotiq.github.io,0,,BSD-3-Clause,2026-06-18,2026-10-08,JavaScript,,https://github.com/robotiq/robotiq.github.io,Robotiq software tool documentation website.
github,Sharpa,arms_and_manipulators,sharpa-robotics/pilotvr-privacy,0,,,2026-09-28,2026-09-28,,,https://github.com/sharpa-robotics/pilotvr-privacy,
github,Sharpa,arms_and_manipulators,sharpa-robotics/WM-Craftnet,27,,,2026-09-10,2026-10-08,Python,,https://github.com/sharpa-robotics/WM-Craftnet,[CoRL'2026] WM-Craftnet: World Synesthesia Model for Generalizable and Robust Dexterous In-Hand Manipulation
github,Sharpa,arms_and_manipulators,sharpa-robotics/sharpawave-deform-encoder,0,,,2026-08-28,2026-08-28,Python,,https://github.com/sharpa-robotics/sharpawave-deform-encoder,Sharpa DeformEncoder for Wave tactile sensors
github,Sharpa,arms_and_manipulators,sharpa-robotics/sharpa-vision-retargeting-sdk,4,,,2026-08-26,2026-09-29,Python,,https://github.com/sharpa-robotics/sharpa-vision-retargeting-sdk,Webcam and Meta Quest VR-based hand tracking & retargeting for the Sharpa Wave.
github,Sharpa,arms_and_manipulators,sharpa-robotics/sharpa-tactile-sensor-assets,4,,,2026-04-13,2026-05-20,Python,,https://github.com/sharpa-robotics/sharpa-tactile-sensor-assets,Sharpa tactile sensor static assets.
github,Collaborative Robotics,arms_and_manipulators,collaborative-robotics/rqt_crtk,0,,,2026-09-18,2026-09-19,Python,,https://github.com/collaborative-robotics/rqt_crtk,
github,Robocurve,arms_and_manipulators,robocurve/roboharm,10,,,2026-09-19,2026-09-22,Python,,https://github.com/robocurve/roboharm,"Five fixed-scene robot refusal tasks, experiment tooling, and post-hoc labeling, built on Inspect Robots"
github,Robocurve,arms_and_manipulators,robocurve/stationerybench,6,,MIT,2026-09-10,2026-09-10,Python,,https://github.com/robocurve/stationerybench,"Five bimanual desk-stationery manipulation tasks for VLA models and LLM agents, built on Inspect Robots"
github,Robocurve,arms_and_manipulators,robocurve/llm-token-speed,0,,,2026-08-20,2026-08-20,Python,,https://github.com/robocurve/llm-token-speed,
github,Robocurve,arms_and_manipulators,robocurve/dreamzero-yam,0,,,2026-08-01,2026-08-08,Python,,https://github.com/robocurve/dreamzero-yam,"LoRA post-train of NVIDIA DreamZero (world-action model) on the MolmoAct2 BimanualYAM split, trained on Modal; three-model-family comparison vs pi0.5 and GR00T N1.7"
github,Robocurve,arms_and_manipulators,robocurve/clapboardbench,3,,MIT,2026-07-31,2026-08-13,HTML,evals robotics vlm,https://github.com/robocurve/clapboardbench,"Real-robot eval traces: bimanual YAM arms operating a film clapperboard, driven turn by turn by frontier VLMs (Claude Opus, Gemini Robotics-ER). Browsable run pages with the frames each model saw."
github,Robocurve,arms_and_manipulators,robocurve/inspect-robots-unitree-g1,1,,MIT,2026-07-17,2026-07-29,Python,,https://github.com/robocurve/inspect-robots-unitree-g1,Inspect Robots adapters for Unitree G1 humanoids driven by GR00T policy servers
github,Robocurve,arms_and_manipulators,robocurve/inspect-robots-widowx,0,,MIT,2026-07-17,2026-07-29,Python,,https://github.com/robocurve/inspect-robots-widowx,Inspect Robots adapters for WidowX 250S arms driven by OpenVLA or openpi policy servers
github,Robocurve,arms_and_manipulators,robocurve/inspect-robots-agibot-a2,0,,MIT,2026-07-17,2026-07-19,Python,,https://github.com/robocurve/inspect-robots-agibot-a2,Inspect Robots adapters for AgiBot A2 humanoids driven by GO-1 or openpi policy servers
github,Robocurve,arms_and_manipulators,robocurve/inspect-robots-franka,4,,MIT,2026-07-17,2026-08-02,Python,,https://github.com/robocurve/inspect-robots-franka,Inspect Robots adapters for Franka FR3/Panda arms driven by openpi DROID policies
github,Robocurve,arms_and_manipulators,robocurve/worldpolicies,3,,MIT,2026-07-08,2026-08-07,Python,,https://github.com/robocurve/worldpolicies,"Robocurve's registry of published robot-policy (VLA) checkpoints, indexed with eval numbers and validated by CI"
github,Robocurve,arms_and_manipulators,robocurve/gr00t-n1.7-so-101,1,,MIT,2026-07-06,2026-07-10,Python,,https://github.com/robocurve/gr00t-n1.7-so-101,"LoRA fine-tune of GR00T N1.7 on SO-101 episodes from the MolmoAct2 manifest, trained on Modal"
github,Robocurve,arms_and_manipulators,robocurve/inspect-robots-so101,3,,MIT,2026-06-30,2026-08-30,Python,,https://github.com/robocurve/inspect-robots-so101,Inspect Robots adapters for LeRobot SO-ARM followers (SO-100/SO-101) driven by LeRobot policies
github,Robocurve,arms_and_manipulators,robocurve/inspect-robots-yam,10,,MIT,2026-06-29,2026-10-03,Python,,https://github.com/robocurve/inspect-robots-yam,Inspect Robots adapters for I2RT YAM bimanual arms driven by MolmoAct2
github,Robocurve,arms_and_manipulators,robocurve/worldevals,8,,MIT,2026-06-27,2026-09-10,Python,benchmarks evaluation robolens robotics vla,https://github.com/robocurve/worldevals,"A curated catalog of VLA / physical-AI benchmarks, each runnable on real robots or sims via Inspect Robots. (The Inspect Evals for robotics.)"
github,Hugging Face,data_and_tooling,huggingface/lerobot-humanoid,258,,,2026-05-18,2026-08-10,,,https://github.com/huggingface/lerobot-humanoid,
github,Hugging Face,data_and_tooling,huggingface/lerobot-humanoid-identification,8,,Apache-2.0,2026-05-18,2026-08-27,Python,,https://github.com/huggingface/lerobot-humanoid-identification,how to identify lreobot humanoid
github,Hugging Face,data_and_tooling,huggingface/leLab,190,,Apache-2.0,2026-04-29,2026-10-08,TypeScript,,https://github.com/huggingface/leLab,🤗 LeLab: A web UI interface on top of LeRobot
github,Hugging Face,data_and_tooling,huggingface/lerobot-humanoid-hardware,39,,Apache-2.0,2026-04-27,2026-08-27,Python,,https://github.com/huggingface/lerobot-humanoid-hardware,
github,Hugging Face,data_and_tooling,huggingface/lerobot-humanoid-runtime,11,,Apache-2.0,2026-04-23,2026-08-27,Python,,https://github.com/huggingface/lerobot-humanoid-runtime,
huggingface,Hugging Face,data_and_tooling,lerobot/SMPL_samples,0,180,,2026-07-10,2026-07-10,,task_categories:robotics format:parquet modality:tabular modality:timeseries library:datasets library:dask library:polars library:mlcroissant library:lerobot LeRobot sonic unitree_g1 smpl,https://huggingface.co/datasets/lerobot/SMPL_samples, SMPL motion dataset Episodes Episode Motion 0 dance_hiphop 1 dance_jackson 2 eating_apple 3 high_jump 4 hiphop_ii 5 horse_riding 6 jump_360 7 mambo_kicks 8 reach_jump 9 turn_jump_270 10 turn_jump_360 11 victory_dance 12 walk_forward 
huggingface,Hugging Face,data_and_tooling,lerobot/abc_130k_v3_train,1,8231,apache-2.0,2026-06-29,2026-06-29,,task_categories:robotics format:parquet modality:tabular modality:text modality:timeseries modality:video library:datasets library:dask library:polars library:mlcroissant library:lerobot LeRobot lerobot abc-130k bimanual yam,https://huggingface.co/datasets/lerobot/abc_130k_v3_train,"This dataset was created using LeRobot. Dataset Structure meta/info.json: { ""codebase_version"": ""v3.0"", ""fps"": 30, ""features"": { ""observation.state"": { ""dtype"": ""float32"", ""shape"": [ 14 ], ""names"": [ ""left_arm_joint_1"", ""left_arm_joint_2"", ""left_arm_"
huggingface,Hugging Face,data_and_tooling,lerobot/depth-benchmark-results,1,140,,2026-06-29,2026-07-16,,format:parquet modality:tabular modality:text library:datasets library:pandas library:polars library:mlcroissant,https://huggingface.co/datasets/lerobot/depth-benchmark-results,
huggingface,Hugging Face,data_and_tooling,lerobot/outdoor-depth,0,234,apache-2.0,2026-06-25,2026-07-06,,task_categories:robotics format:parquet modality:image library:datasets library:pandas library:polars library:mlcroissant library:lerobot LeRobot depth realsense lerobot image-dataset,https://huggingface.co/datasets/lerobot/outdoor-depth,"This dataset was created using LeRobot. Dataset Structure meta/info.json: { ""codebase_version"": ""v3.0"", ""fps"": 30, ""features"": { ""observation.images.depth"": { ""dtype"": ""image"", ""shape"": [ 720, 1280, 1 ], ""names"": [ ""height"", ""width"", ""channels"" ], ""i"
huggingface,Hugging Face,data_and_tooling,lerobot/abc_130k_v3_val,0,791,apache-2.0,2026-06-24,2026-06-24,,task_categories:robotics format:parquet modality:tabular modality:timeseries modality:video library:datasets library:dask library:polars library:mlcroissant library:lerobot LeRobot lerobot abc-130k bimanual yam,https://huggingface.co/datasets/lerobot/abc_130k_v3_val,"This dataset was created using LeRobot. Dataset Structure meta/info.json: { ""codebase_version"": ""v3.0"", ""fps"": 30, ""features"": { ""observation.state"": { ""dtype"": ""float32"", ""shape"": [ 14 ], ""names"": [ ""left_arm_joint_1"", ""left_arm_joint_2"", ""left_arm_"
huggingface,Hugging Face,data_and_tooling,lerobot/abc_130k_v3_smoke,0,1909,apache-2.0,2026-06-24,2026-06-24,,task_categories:robotics format:parquet modality:tabular modality:text modality:timeseries modality:video library:datasets library:pandas library:polars library:mlcroissant library:lerobot LeRobot lerobot abc-130k bimanual yam,https://huggingface.co/datasets/lerobot/abc_130k_v3_smoke,"This dataset was created using LeRobot. Dataset Structure meta/info.json: { ""codebase_version"": ""v3.0"", ""fps"": 30, ""features"": { ""observation.state"": { ""dtype"": ""float32"", ""shape"": [ 14 ], ""names"": [ ""left_arm_joint_1"", ""left_arm_joint_2"", ""left_arm_"
huggingface,Hugging Face,data_and_tooling,lerobot/video-benchmark-submissions,2,295,,2026-04-24,2026-07-07,,,https://huggingface.co/datasets/lerobot/video-benchmark-submissions,
huggingface,Hugging Face,data_and_tooling,lerobot/video-benchmark-results,2,1679,,2026-04-20,2026-07-16,,format:parquet modality:tabular modality:text library:datasets library:pandas library:polars library:mlcroissant,https://huggingface.co/datasets/lerobot/video-benchmark-results,
huggingface,Hugging Face,data_and_tooling,lerobot/vlabench-assets,1,9228,,2026-04-17,2026-04-17,,,https://huggingface.co/datasets/lerobot/vlabench-assets,
huggingface,Hugging Face,data_and_tooling,lerobot/robocasa_target_human_unified,4,1585,apache-2.0,2026-04-16,2026-04-16,,task_categories:robotics format:parquet modality:tabular modality:timeseries modality:video library:datasets library:dask library:polars library:mlcroissant LeRobot lerobot robocasa unified,https://huggingface.co/datasets/lerobot/robocasa_target_human_unified,"This dataset was created using LeRobot. Dataset Structure meta/info.json: { ""codebase_version"": ""v3.0"", ""robot_type"": ""robocasa"", ""total_episodes"": 25307, ""total_frames"": 14957899, ""total_tasks"": 50, ""chunks_size"": 1000, ""data_files_size_in_mb"": 100,"
huggingface,Hugging Face,data_and_tooling,lerobot/vlabench_unified,1,552,apache-2.0,2026-04-16,2026-04-21,,task_categories:robotics format:parquet modality:tabular modality:timeseries modality:video library:datasets library:dask library:polars library:mlcroissant LeRobot lerobot vlabench unified,https://huggingface.co/datasets/lerobot/vlabench_unified,"This dataset was created using LeRobot. Dataset Structure meta/info.json: { ""codebase_version"": ""v3.0"", ""robot_type"": ""franka"", ""total_episodes"": 10977, ""total_frames"": 3114872, ""total_tasks"": 295, ""chunks_size"": 1000, ""data_files_size_in_mb"": 100, """
github,Pantheon Industries,data_and_tooling,Pantheon-Industries-Inc/argus,59,,Apache-2.0,2026-09-27,2026-10-06,Python,,https://github.com/Pantheon-Industries-Inc/argus,Argus is an open source dataset-and-format-agnostic harness for the densest annotation of robot learning data.
github,Foxglove,data_and_tooling,foxglove/bodie-urdf,0,,MIT,2026-07-23,2026-07-23,,,https://github.com/foxglove/bodie-urdf,bodie urdf
github,Foxglove,data_and_tooling,foxglove/foxglove-bridge-ros1,0,,MIT,2026-06-17,2026-10-01,C++,,https://github.com/foxglove/foxglove-bridge-ros1,The foxglove bridge for ROS 1
github,Rerun,data_and_tooling,rerun-io/rosbag2_storage_rrd,11,,Apache-2.0,2026-08-31,2026-09-09,Rust,cpp rerun robotics ros2 rosbag2 rust visualization,https://github.com/rerun-io/rosbag2_storage_rrd,An experimental rosbag2 storage plugin that records ROS 2 bags as Rerun .rrd files.
github,Rerun,data_and_tooling,rerun-io/rrd-datasets,10,,Apache-2.0,2026-08-07,2026-10-07,Python,,https://github.com/rerun-io/rrd-datasets,Collection of Open Robotics Dataset Conversion Examples
github,Rerun,data_and_tooling,rerun-io/so100-hackathon,1,,Apache-2.0,2026-07-02,2026-08-27,Python,,https://github.com/rerun-io/so100-hackathon,
github,Rerun,data_and_tooling,rerun-io/rerun-lerobot,8,,Apache-2.0,2026-07-01,2026-07-16,Python,,https://github.com/rerun-io/rerun-lerobot,Convert Rerun RRD recordings into LeRobot v3 datasets.
github,Voxel51,data_and_tooling,voxel51/temporal-embedding-trajectory,0,,,2026-06-22,2026-07-28,TypeScript,,https://github.com/voxel51/temporal-embedding-trajectory,custom panel: video embedding trajectory
huggingface,Voxel51,data_and_tooling,Voxel51/sharpa-assemble-gears-410ep,1,0,cc-by-4.0,2026-10-07,2026-10-07,,task_categories:robotics language:en modality:video library:datasets library:mlcroissant library:lerobot library:fiftyone fiftyone video lerobot robotics tactile dexterous-manipulation bimanual-manipulation,https://huggingface.co/datasets/Voxel51/sharpa-assemble-gears-410ep," Dataset Card for SharpaDex Assemble Gears (one season, 410 episodes) This is a FiftyOne dataset with 410 samples. Each sample is one teleoperated bimanual episode of the task ""Gear Assembly on Base"". Installation pip install -U fiftyone Usage Load f"
huggingface,Voxel51,data_and_tooling,Voxel51/xense-earbud-case-834ep,1,0,apache-2.0,2026-10-07,2026-10-07,,task_categories:robotics language:en modality:video library:datasets library:mlcroissant library:lerobot library:fiftyone fiftyone video lerobot robotics tactile xense bimanual,https://huggingface.co/datasets/Voxel51/xense-earbud-case-834ep, Dataset Card for Xense Earbud Case Insertion (834 episodes) This is a FiftyOne dataset with 834 samples. Each sample is one teleoperated episode. Installation pip install -U fiftyone Usage Load from the Hub import fiftyone as fo from fiftyone.utils.
huggingface,Voxel51,data_and_tooling,Voxel51/intern-screw-lerobot-50ep,1,0,unknown,2026-10-07,2026-10-07,,task_categories:robotics language:en modality:video library:datasets library:mlcroissant library:lerobot library:fiftyone fiftyone video lerobot robotics tactile internvla,https://huggingface.co/datasets/Voxel51/intern-screw-lerobot-50ep, Dataset Card for Intern Screw Tactile (50 episodes) This is a FiftyOne dataset with 50 samples. Each sample is one teleoperated episode. Installation pip install -U fiftyone Usage Load from the Hub import fiftyone as fo from fiftyone.utils.huggingfa
huggingface,Voxel51,data_and_tooling,Voxel51/intern-shiguan-lerobot-51ep,1,0,unknown,2026-10-07,2026-10-07,,task_categories:robotics language:en modality:video library:datasets library:mlcroissant library:lerobot library:fiftyone fiftyone video lerobot robotics tactile internvla,https://huggingface.co/datasets/Voxel51/intern-shiguan-lerobot-51ep, Dataset Card for Intern Shiguan Tactile (51 episodes) This is a FiftyOne dataset with 51 samples. Each sample is one teleoperated episode. Installation pip install -U fiftyone Usage Load from the Hub import fiftyone as fo from fiftyone.utils.hugging
huggingface,Voxel51,data_and_tooling,Voxel51/xense-tron2rt-pnp-115ep,1,0,apache-2.0,2026-10-07,2026-10-07,,task_categories:robotics language:en modality:video library:datasets library:mlcroissant library:lerobot library:fiftyone fiftyone video lerobot robotics tactile xense bimanual,https://huggingface.co/datasets/Voxel51/xense-tron2rt-pnp-115ep, Dataset Card for Xense Tron2 RT Pick and Place (115 episodes) This is a FiftyOne dataset with 115 samples. Each sample is one teleoperated episode. Installation pip install -U fiftyone Usage Load from the Hub import fiftyone as fo from fiftyone.util
huggingface,Voxel51,data_and_tooling,Voxel51/xense-strap-tape-120ep,1,0,apache-2.0,2026-10-07,2026-10-07,,task_categories:robotics language:en modality:video library:datasets library:mlcroissant library:lerobot library:fiftyone fiftyone video lerobot robotics tactile xense bimanual,https://huggingface.co/datasets/Voxel51/xense-strap-tape-120ep, Dataset Card for Xense Strap Tape (120 episodes) This is a FiftyOne dataset with 120 samples. Each sample is one teleoperated episode. Installation pip install -U fiftyone Usage Load from the Hub import fiftyone as fo from fiftyone.utils.huggingface
huggingface,Voxel51,data_and_tooling,Voxel51/intern-pour-lerobot-51ep,1,0,unknown,2026-10-07,2026-10-07,,task_categories:robotics language:en modality:video library:datasets library:mlcroissant library:lerobot library:fiftyone fiftyone video lerobot robotics tactile internvla,https://huggingface.co/datasets/Voxel51/intern-pour-lerobot-51ep, Dataset Card for Intern Pour Tactile (51 episodes) This is a FiftyOne dataset with 51 samples. Each sample is one teleoperated episode of a single pouring task. Installation pip install -U fiftyone Usage Load from the Hub import fiftyone as fo from 
huggingface,Voxel51,data_and_tooling,Voxel51/grabette-tactile-full-synced-48ep,1,0,apache-2.0,2026-10-07,2026-10-07,,task_categories:robotics language:en format:parquet modality:tabular modality:timeseries modality:video library:datasets library:dask library:polars library:mlcroissant library:lerobot library:fiftyone fiftyone video lerobot robotics tactile grabette,https://huggingface.co/datasets/Voxel51/grabette-tactile-full-synced-48ep," Dataset Card for Grabette Tactile Full Synced (48 episodes) This is a FiftyOne dataset with 48 samples. Each sample is one episode of the task ""Pick up the white cube and put it in the correct cup"", recorded with robot type grabette. Installation pi"
huggingface,Voxel51,data_and_tooling,Voxel51/M3ED-Sample,1,205,cc-by-sa-4.0,2026-10-02,2026-10-02,,task_categories:robotics task_categories:depth-estimation language:en library:fiftyone fiftyone multimodal mcap robotics event-camera stereo lidar depth uav quadruped autonomous-driving,https://huggingface.co/datasets/Voxel51/M3ED-Sample," M3ED sample → FiftyOne (Native Multimodal MCAP) 3 sequences from M3ED, the multi-robot, multi-sensor, multi-environment event dataset from the GRASP Laboratory at the University of Pennsylvania, converted to native multimodal MCAP episodes. A car, a"
huggingface,Voxel51,data_and_tooling,Voxel51/CitrusFarm-Sample,0,106,cc-by-sa-4.0,2026-10-02,2026-10-02,,task_categories:robotics language:en library:fiftyone fiftyone multimodal mcap robotics agriculture thermal multispectral stereo depth lidar gnss,https://huggingface.co/datasets/Voxel51/CitrusFarm-Sample," CitrusFarm sample → FiftyOne (Native Multimodal MCAP) One sequence of CitrusFarm, the multimodal agricultural robotics dataset from the ARCS Lab at the University of California Riverside, converted from ROS 1 bags to a native multimodal MCAP episode"
huggingface,Voxel51,data_and_tooling,Voxel51/DSEC-Sample,0,103,cc-by-sa-4.0,2026-10-02,2026-10-02,,task_categories:robotics task_categories:depth-estimation language:en library:fiftyone fiftyone multimodal mcap robotics event-camera stereo autonomous-driving disparity optical-flow,https://huggingface.co/datasets/Voxel51/DSEC-Sample," DSEC sample → FiftyOne (Native Multimodal MCAP) 6 sequences from DSEC, the stereo event camera dataset for driving from the Robotics and Perception Group at the University of Zurich, converted to native multimodal MCAP episodes. A car carries a ster"
huggingface,Voxel51,data_and_tooling,Voxel51/ColoRadar-Sample,0,112,apache-2.0,2026-10-02,2026-10-02,,task_categories:robotics language:en library:fiftyone fiftyone multimodal mcap robotics radar mmwave lidar imu slam subterranean,https://huggingface.co/datasets/Voxel51/ColoRadar-Sample," ColoRadar sample → FiftyOne (Native Multimodal MCAP) 7 sequences from ColoRadar, the 3D millimetre-wave radar dataset from the Autonomous Robotics and Perception Group at the University of Colorado Boulder, converted from ROS 1 bags to native multim"
huggingface,Voxel51,data_and_tooling,Voxel51/GrandTour-Sample,0,125,mit,2026-10-01,2026-10-01,,task_categories:robotics language:en library:fiftyone arxiv:2602.18164 fiftyone multimodal mcap robotics legged quadruped lidar depth imu gnss slam,https://huggingface.co/datasets/Voxel51/GrandTour-Sample," GrandTour sample → FiftyOne (Native Multimodal MCAP) 3 missions from GrandTour, the legged robotics dataset from the Robotic Systems Lab at ETH Zurich, converted to native multimodal MCAP episodes. An ANYmal D quadruped carries the Boxi sensor paylo"
huggingface,Voxel51,data_and_tooling,Voxel51/AgiBotWorld2026-sample-10ep,0,760,cc-by-nc-sa-4.0,2026-09-14,2026-09-14,,task_categories:robotics annotations_creators:machine-generated language:en modality:video library:datasets library:mlcroissant library:lerobot library:fiftyone fiftyone lerobot robotics imitation-learning reinforcement-learning agibot embodied-ai dual-arm,https://huggingface.co/datasets/Voxel51/AgiBotWorld2026-sample-10ep,"This is a subset of the agibot-world/AgiBotWorld2026 dataset created for use with FiftyOne. Installation If you haven't already, install FiftyOne: pip install -U fiftyone Usage import fiftyone as fo import fiftyone.utils.huggingface as fouh dataset ="
huggingface,Voxel51,data_and_tooling,Voxel51/fomo-multimodal-sample,1,1644,cc-by-4.0,2026-08-07,2026-08-07,,task_categories:robotics language:en library:fiftyone arxiv:2603.08433 autonomous-navigation fiftyone lidar mcap multi-season multimodal odometry off-road radar robotics slam,https://huggingface.co/datasets/Voxel51/fomo-multimodal-sample,"A 6-episode multimodal (MCAP) sample built from the FoMo dataset (Boxan et al. 2026, arXiv:2603.08433), a year-long multi-season robot navigation dataset recorded in a boreal forest near Quebec City. Each sample is a 30-second trimmed episode authore"
huggingface,Voxel51,data_and_tooling,Voxel51/hard-intersection-multimodal-sample,1,1873,cc-by-4.0,2026-08-04,2026-09-17,,task_categories:object-detection task_categories:image-segmentation task_categories:other annotations_creators:expert-generated language:en modality:video modality:3d library:datasets library:mlcroissant library:fiftyone fiftyone autonomous-driving multimodal lidar camera trajectory hdmap lanelet2 point-cloud 3d group video urban-driving intersection,https://huggingface.co/datasets/Voxel51/hard-intersection-multimodal-sample," Dataset Card for Hard Intersection Multimodal Sample Dataset Details Dataset Description Hard Intersection Multimodal Sample is a curated multimodal dataset of an accident-prone six-way urban intersection in Tokyo, Japan (Takanawadai) captured with "
huggingface,Voxel51,data_and_tooling,Voxel51/PhenoBench_Raw,1,2194,cc-by-sa-4.0,2026-07-08,2026-07-08,,task_categories:object-detection task_categories:image-segmentation language:en format:imagefolder modality:image library:datasets library:mlcroissant library:fiftyone arxiv:2306.04557 aerial agriculture fiftyone image image-segmentation instance-segmentation leaf-segmentation object-detection panoptic-segmentation plant-phenotyping precision-agriculture semantic-segmentation sugar-beet uav weed-detection,https://huggingface.co/datasets/Voxel51/PhenoBench_Raw,"PhenoBench is a large-scale dataset for semantic image interpretation in the agricultural domain. It provides 2,872 high-resolution UAV images (1024x1024) of a real sugar beet field at three growth stages, with dense pixel-wise semantic segmentation "
huggingface,Voxel51,data_and_tooling,Voxel51/weeds-galore,1,2013,cc-by-4.0,2026-07-08,2026-07-08,,task_categories:object-detection task_categories:image-segmentation language:en format:imagefolder modality:image modality:geospatial library:datasets library:mlcroissant library:fiftyone arxiv:2502.13103 agriculture crop-segmentation drone fiftyone image image-segmentation instance-segmentation multispectral ndvi object-detection precision-agriculture remote-sensing semantic-segmentation uav weed-segmentation,https://huggingface.co/datasets/Voxel51/weeds-galore,"WeedsGalore is a multispectral, multitemporal UAV dataset for crop and weed instance/semantic segmentation in agricultural maize fields (Celikkan et al., WACV 2025). It contains 156 raw drone tiles (600x600px, 5 bands: R/G/B/NIR/RE) from a maize fiel"
huggingface,Voxel51,data_and_tooling,Voxel51/KITScenes-LongTail,7,1797,,2026-06-24,2026-06-24,,task_categories:video-classification annotations_creators:expert-generated language:en language:es language:zh modality:3d modality:video library:datasets library:mlcroissant library:fiftyone arxiv:2603.23607 fiftyone group video autonomous-driving end-to-end-driving trajectory-prediction motion-planning reasoning chain-of-thought multimodal multilingual long-tail embeddings depth-estimation 3d-reconstruction point-cloud,https://huggingface.co/datasets/Voxel51/KITScenes-LongTail," Dataset Card for KITScenes-LongTail Videos A FiftyOne grouped video dataset built from KIT-MRT/KITScenes-LongTail, a long-tail autonomous-driving benchmark for VLMs/VLAs. Each scenario is a ~9 s, six-camera surround-view event with a high-level driv"
huggingface,Voxel51,data_and_tooling,Voxel51/partscan,1,1549,cc-by-nc-4.0,2026-06-08,2026-06-08,,task_categories:other annotations_creators:machine-generated language:en modality:3d library:datasets library:mlcroissant library:fiftyone arxiv:2509.25970 fiftyone 3d point-cloud part-segmentation scene-understanding,https://huggingface.co/datasets/Voxel51/partscan," Dataset Card for PartScan Fine-grained 3D part segmentation is crucial for embodied AI systems that must interact with specific functional components of an object (e.g. a drawer handle rather than the whole cabinet). Acquiring dense, part-level 3D a"
huggingface,Voxel51,data_and_tooling,Voxel51/kitscenes-multimodal,11,3660,cc-by-nc-4.0,2026-06-07,2026-07-07,,task_categories:object-detection language:en format:imagefolder modality:image library:datasets library:mlcroissant library:fiftyone arxiv:2606.02956 autonomous-driving fiftyone group hd-maps lidar multimodal object-detection radar,https://huggingface.co/datasets/Voxel51/kitscenes-multimodal,"KITScenes Multimodal (KIT-MRT) ingested into a FiftyOne grouped dataset: 4 validation scenes, 9 cameras + a fused 3D lidar/radar slice per frame, with projected lidar-depth heatmaps, Lanelet2 HD-map polylines, ego trajectory waypoints, and seamseg in"
huggingface,Voxel51,data_and_tooling,Voxel51/STONE,5,3334,,2026-05-29,2026-07-10,,task_categories:image-classification task_categories:object-detection language:en format:imagefolder modality:image library:datasets library:mlcroissant library:fiftyone arxiv:2603.09175 fiftyone group image-classification object-detection,https://huggingface.co/datasets/Voxel51/STONE," Dataset Card for STONE STONE is a large-scale multi-modal dataset for off-road 3D traversability prediction, collected by autonomous ground vehicles across four outdoor environments in South Korea. It provides 7,000 keyframes with surround-view imag"
huggingface,Voxel51,data_and_tooling,Voxel51/Syn4D_RGBD,3,1732,,2026-05-25,2026-05-29,,language:en modality:3d modality:video library:datasets library:mlcroissant library:fiftyone arxiv:2605.05207 arxiv:2501.07888 fiftyone group,https://huggingface.co/datasets/Voxel51/Syn4D_RGBD," Dataset Card for Syn4D RGBD Syn4D is a large-scale, fully-synthetic multiview dataset of dynamic scenes designed to advance research in 4D reconstruction, depth estimation, 3D point tracking, novel-view synthesis, and human pose estimation. It provi"
huggingface,Voxel51,data_and_tooling,Voxel51/NaviTrace,2,1509,cc-by-4.0,2026-05-25,2026-05-26,,task_categories:image-segmentation language:en format:imagefolder modality:image library:datasets library:mlcroissant library:fiftyone arxiv:2510.26909 fiftyone image image-segmentation,https://huggingface.co/datasets/Voxel51/NaviTrace, Dataset Card for NaviTrace NaviTrace is a Visual Question Answering benchmark for evaluating how well vision-language models (VLMs) understand embodiment-specific navigation in real-world scenes. Each sample presents a first-person image of an outdo
huggingface,Voxel51,data_and_tooling,Voxel51/motif-1k,1,1506,,2026-05-25,2026-05-26,,language:en format:imagefolder modality:image modality:video library:datasets library:mlcroissant library:fiftyone arxiv:2409.10683 fiftyone group,https://huggingface.co/datasets/Voxel51/motif-1k," Dataset Card for MotIF-1K MotIF-1K is a robotics motion dataset containing 1,022 demonstrations across 13 task categories, used to benchmark and fine-tune vision-language models (VLMs) for motion-based success detection. Each demonstration includes "
huggingface,Voxel51,data_and_tooling,Voxel51/TartanRGBT,2,2207,,2026-05-23,2026-05-26,,language:en format:imagefolder modality:image library:datasets library:mlcroissant library:fiftyone arxiv:2602.06203 fiftyone group,https://huggingface.co/datasets/Voxel51/TartanRGBT," TartanRGBT Dataset Card TartanRGBT is a hardware-synchronized RGB–thermal robotics dataset from CMU AirLab's AnyThermal project (ICRA 2026). Features co-registered stereo RGB and thermal images across indoor, urban, park, and off-road environments. "
huggingface,Voxel51,data_and_tooling,Voxel51/ClearDepth,4,1839,cc-by-sa-4.0,2026-05-22,2026-05-26,,language:en modality:video library:datasets library:mlcroissant library:fiftyone arxiv:2409.08926 fiftyone group,https://huggingface.co/datasets/Voxel51/ClearDepth, Dataset Card for cleardepth ClearDepth Transparent (FiftyOne) is a grouped FiftyOne dataset built from the synthetic transparent-object stereo data described in the ClearDepth paper (SynClearDepth). Each group represents one indoor scene with stereo
huggingface,Voxel51,data_and_tooling,Voxel51/widedepth,4,1619,,2026-05-21,2026-05-26,,language:en format:imagefolder modality:image library:datasets library:mlcroissant library:fiftyone arxiv:2605.24074 fiftyone group,https://huggingface.co/datasets/Voxel51/widedepth, Dataset Card for WideDepth in FiftyOne FiftyOne dataset for WideDepth — an indoor fisheye depth-estimation benchmark (ICRA 2026) with millimeter-accurate ground-truth depth and disparity rendered from high-resolution LiDAR scans. We use one fixed ca
huggingface,Voxel51,data_and_tooling,Voxel51/graspclutter6d,1,1949,cc-by-sa-4.0,2026-05-21,2026-05-26,,task_categories:object-detection language:en modality:3d modality:image library:fiftyone arxiv:2504.06866 fiftyone group object-detection,https://huggingface.co/datasets/Voxel51/graspclutter6d," Dataset Card for graspclutter6d GraspClutter6D is a large-scale real-world dataset for robust perception and grasping in cluttered scenes. This FiftyOne dataset contains a curated subset of 99 scenes from the full GraspClutter6D dataset, optimized f"
huggingface,Voxel51,data_and_tooling,Voxel51/PhenoBench,1,2244,cc-by-sa-4.0,2026-05-21,2026-05-21,,task_categories:object-detection task_categories:image-segmentation task_ids:semantic-segmentation task_ids:instance-segmentation annotations_creators:expert-generated language:en format:imagefolder modality:image library:datasets library:mlcroissant library:fiftyone arxiv:2306.04557 agriculture agtech crops drone fiftyone image image-segmentation instance-segmentation object-detection phenotyping semantic-segmentation sugar-beet uav weeds,https://huggingface.co/datasets/Voxel51/PhenoBench," Dataset Card for PhenoBench This is a FiftyOne dataset with 2,179 samples. The images and original annotations are from PhenoBench, a large UAV image dataset for semantic image interpretation in the agricultural domain (sugar beet crops and weeds), "
github,Roboflow,data_and_tooling,roboflow/vlm-exam,13,,Apache-2.0,2026-07-03,2026-10-08,Python,,https://github.com/roboflow/vlm-exam,
github,Roboflow,data_and_tooling,roboflow/yoloface-website,0,,,2026-06-29,2026-07-07,HTML,,https://github.com/roboflow/yoloface-website, yoloface.com and yolo-face.com
github,Roboflow,data_and_tooling,roboflow/supervision-js,13,,MIT,2026-05-02,2026-10-08,TypeScript,,https://github.com/roboflow/supervision-js,
github,Roboflow,data_and_tooling,roboflow/computer-vision-skills,43,,Apache-2.0,2026-04-30,2026-10-06,Python,,https://github.com/roboflow/computer-vision-skills,Agent-ready Skills for Roboflow and Computer Vision workflows
github,PickNik Robotics,data_and_tooling,PickNikRobotics/hermes_github_app_plugin,2,,MIT,2026-06-26,2026-07-24,Python,,https://github.com/PickNikRobotics/hermes_github_app_plugin,A plugin for Hermes agents to use a GitHub App
github,PickNik Robotics,data_and_tooling,PickNikRobotics/foxglove-ros-client-py,0,,MIT,2026-06-19,2026-08-29,Python,,https://github.com/PickNikRobotics/foxglove-ros-client-py,
github,PickNik Robotics,data_and_tooling,PickNikRobotics/foxglove-ros-sharp,0,,MIT,2026-06-19,2026-08-28,C#,csharp foxglove robotics ros ros-sharp ros2,https://github.com/PickNikRobotics/foxglove-ros-sharp,ROS#-compatible C# client for Foxglove WebSocket bridges
github,PickNik Robotics,data_and_tooling,PickNikRobotics/moveit_pro_kinova_ws,0,,BSD-3-Clause,2026-05-10,2026-09-08,C++,,https://github.com/PickNikRobotics/moveit_pro_kinova_ws,MoveIt Pro boilerplate workspace and robot configurations for Kinova robots
github,Open Navigation,data_and_tooling,open-navigation/opennav_robotics_workload_benchmark,31,,Apache-2.0,2026-05-18,2026-10-06,HTML,,https://github.com/open-navigation/opennav_robotics_workload_benchmark,A standardized benchmark for robotics workloads on various compute platforms
github,Open Navigation,data_and_tooling,open-navigation/opennav_amd_semantic_navigation,14,,Apache-2.0,2026-04-14,2026-10-08,Python,,https://github.com/open-navigation/opennav_amd_semantic_navigation,SAM3 Running on Edge AMD Strix Halo for Contextual Navigation with Nav2
github,Eclipse Zenoh,data_and_tooling,eclipse-zenoh/zenoh-labs,0,,,2026-09-01,2026-09-01,,distributed-computing distributed-systems edge-computing embedded eu-project network-programming no-std research robotics ros2 rust rust-lang zenoh,https://github.com/eclipse-zenoh/zenoh-labs,The Eclipse Zenoh Repository to host experiments and any Zenoh research related code.
github,Eclipse Zenoh,data_and_tooling,eclipse-zenoh/zenoh-flat-jni,0,,,2026-06-15,2026-10-01,Rust,,https://github.com/eclipse-zenoh/zenoh-flat-jni,Common JNI library for zenoh-java and zenoh-kotlin autogenerated from zenoh-flat
github,Eclipse Zenoh,data_and_tooling,eclipse-zenoh/zenoh-flat,0,,,2026-05-29,2026-10-01,Rust,,https://github.com/eclipse-zenoh/zenoh-flat,Flat Rust API for Zenoh for automatic code generation with prebindgen tool
github,Roboto AI,data_and_tooling,roboto-ai/roboto-physical-ai-actions,9,,MPL-2.0,2026-09-22,2026-10-01,Python,lerobot physical-ai robotics roboto,https://github.com/roboto-ai/roboto-physical-ai-actions,"Roboto actions for physical AI: curate and audit robotics data, convert it to LeRobot (v2.1, v3.0) datasets, merge, up- and down-convert them"
github,Roboto AI,data_and_tooling,roboto-ai/roboto-roscon-26-actions,0,,MPL-2.0,2026-09-22,2026-09-22,Python,,https://github.com/roboto-ai/roboto-roscon-26-actions,Actions for ROSCon 2026
github,Roboto AI,data_and_tooling,roboto-ai/agent-skills,1,,MPL-2.0,2026-08-20,2026-09-10,Python,,https://github.com/roboto-ai/agent-skills,Skills for AI coding agents building on Roboto. Install: npx skills add roboto-ai/agent-skills
github,ReSim,data_and_tooling,resim-ai/signal-flag-plugin,0,,,2026-09-15,2026-09-17,,,https://github.com/resim-ai/signal-flag-plugin,Signal Flag for Claude Code: explore robot sessions and develop metrics with ReSim
github,Genesis Embodied AI,simulation,Genesis-Embodied-AI/proto-plugins,0,,MIT,2026-06-18,2026-09-30,Shell,,https://github.com/Genesis-Embodied-AI/proto-plugins,Custom proto tool plugins (https://moonrepo.dev/docs/proto/tools)
github,Genesis Embodied AI,simulation,Genesis-Embodied-AI/genesis-nyx,138,,Apache-2.0,2026-05-26,2026-06-08,,,https://github.com/Genesis-Embodied-AI/genesis-nyx,Nyx renderer plugin for Genesis world physics simulation engine.
github,Coppelia Robotics,simulation,CoppeliaRobotics/deprecatedModels,0,,,2026-09-24,2026-09-24,,,https://github.com/CoppeliaRobotics/deprecatedModels,
github,Coppelia Robotics,simulation,CoppeliaRobotics/deprecatedScenes,0,,,2026-09-24,2026-09-24,,,https://github.com/CoppeliaRobotics/deprecatedScenes,
github,Coppelia Robotics,simulation,CoppeliaRobotics/zmqRemoteApi-2,0,,,2026-09-07,2026-10-01,Python,,https://github.com/CoppeliaRobotics/zmqRemoteApi-2,ZMQ Remote API version 2
github,Isaac Sim,simulation,isaac-sim/AutoData,9,,Apache-2.0,2026-05-18,2026-10-08,Python,,https://github.com/isaac-sim/AutoData,
github,Intrinsic,simulation,intrinsic-ai/intrinsic-core,555,,Apache-2.0,2026-09-08,2026-10-08,C++,,https://github.com/intrinsic-ai/intrinsic-core,"Intrinsic Core™ provides an open, local runtime, SDK, and hardware agnostic, real-time control framework for industrial robotics."
github,Intrinsic,simulation,intrinsic-ai/intrinsic-moveit,6,,Apache-2.0,2026-08-25,2026-10-07,C++,,https://github.com/intrinsic-ai/intrinsic-moveit,An example of providing Intrinsic Core components based on MoveIt
github,Intrinsic,simulation,intrinsic-ai/intrinsic-inference,10,,Apache-2.0,2026-07-22,2026-09-23,Python,,https://github.com/intrinsic-ai/intrinsic-inference,An inference framework with a ROS integration.
github,NVIDIA,big_tech_labs,NVIDIA/nvidia-azure-samples,3,,Apache-2.0,2026-06-11,2026-10-01,Python,,https://github.com/NVIDIA/nvidia-azure-samples,"This repository maintains sample applications designed for NVIDIA software tools integrated with Microsoft Azure. For select demonstrations, the sample code is contained within this repository."
github,NVIDIA,big_tech_labs,NVIDIA/halos-outside-in-safety,74,,Apache-2.0,2026-06-02,2026-10-07,C++,,https://github.com/NVIDIA/halos-outside-in-safety,NVIDIA Halos Outside-In Safety Blueprint extends robot perception beyond on-board sensors by using external infrastructure cameras and AI agents to dynamically control robot behavior and perform at maximum efficiency. 
github,NVIDIA,big_tech_labs,NVIDIA/nurec-skills,47,,Apache-2.0,2026-05-20,2026-09-02,Python,,https://github.com/NVIDIA/nurec-skills,"NVIDIA Omniverse NuRec agent skills automate neural reconstruction for autonomous vehicle and robotics simulation, running the reconstruction and rendering workflow end to end."
github,NVIDIA,big_tech_labs,NVIDIA/paidf-simulation,7,,Apache-2.0,2026-05-19,2026-07-13,Python,,https://github.com/NVIDIA/paidf-simulation,"Synthetic data generation engine using NVIDIA Isaac Sim and Omniverse Replicator to render photorealistic, fully labeled PCB inspection imagery, including golden and defect boards"
huggingface,NVIDIA,big_tech_labs,nvidia/Arena-DROID-Camera-Sensitivity-Workflow-Sample,1,155,cc-by-4.0,2026-08-07,2026-09-06,,task_categories:robotics language:en format:json modality:tabular modality:text library:datasets library:pandas library:polars library:mlcroissant robotics simulation policy-evaluation sensitivity-analysis isaaclab-arena,https://huggingface.co/datasets/nvidia/Arena-DROID-Camera-Sensitivity-Workflow-Sample, Arena DROID Camera Sensitivity Workflow Sample Dataset Description Arena-DROID-Camera-Sensitivity-Workflow-Sample is a compact set of episode-level results generated by an Isaac Lab-Arena simulation experiment. It lets users run the documented camer
huggingface,NVIDIA,big_tech_labs,nvidia/Cosmos3-DROID,48,11472,openmdw-1.1,2026-06-25,2026-06-25,,modality:video library:datasets library:mlcroissant arxiv:2403.12945,https://huggingface.co/datasets/nvidia/Cosmos3-DROID," DROID: Distributed Robot Interaction Dataset Dataset Summary DROID (Distributed Robot Interaction Dataset) is a large-scale ""in-the-wild"" robot manipulation dataset containing 76K teleoperated demonstration trajectories — approximately 350 hours of "
huggingface,NVIDIA,big_tech_labs,nvidia/Nemotron-RL-Science-v1,14,723,cc-by-sa-4.0,2026-06-03,2026-09-29,,task_categories:text-generation language:en format:json modality:text library:datasets library:pandas library:polars library:mlcroissant library:nemo-gym physics biology chemistry stem science reinforcement-learning rl text Nemotron_3_Ultra blend nemo-gym,https://huggingface.co/datasets/nvidia/Nemotron-RL-Science-v1," Dataset Description: Nemotron-RL-Science-v1 is a reinforcement learning (RL) dataset for science reasoning. Each example provides a problem, a reference answer, and a verifiable RL environment configuration (the agent prompt, the agent/verifier refe"
huggingface,NVIDIA,big_tech_labs,nvidia/Nemotron-RL-Instruction-Following-Structured-Outputs-v2,8,1057,cc-by-4.0,2026-06-02,2026-09-29,,task_categories:text-generation language:en format:parquet format:optimized-parquet modality:text library:datasets library:dask library:polars library:mlcroissant library:nemo-gym Text Random wrapper tool schema Multi-key object tool schema Extraction wrapper tool schema Direct tool schema JSON output YAML output XML output TOML output CSV output Reinforcement Learning nemo data designer synthetic Nemotron_3_Ultra nemo-gym,https://huggingface.co/datasets/nvidia/Nemotron-RL-Instruction-Following-Structured-Outputs-v2," Dataset Description: Split 1: Direct Generation tests the model’s ability to perform freeform text structured outputs on JSON, YAML, and XML data, varying the complexity and presentation of the schema. Split 2: Diversified Tasks adds 2 additional ou"
huggingface,NVIDIA,big_tech_labs,nvidia/Nemotron-RL-Ultra-Training-Blends,20,1848,cc-by-4.0,2026-06-02,2026-09-29,,task_categories:text-generation task_categories:reinforcement-learning language:en format:json modality:tabular modality:text library:datasets library:pandas library:polars library:mlcroissant library:nemo-gym multi-domain RLVR text Nemotron_3_Ultra blend instruction-following tool-use SWE code math-reasoning QA safety rlhf science MOPD nemo-gym,https://huggingface.co/datasets/nvidia/Nemotron-RL-Ultra-Training-Blends, Dataset Description: This dataset provides Reinforcement Learning (RL) and Multi-teacher On-Policy Distillation (MOPD) training-data blends used by the public Nemotron-3-Ultra post-training recipe. The blends are consumed by the NeMo RL training rec
huggingface,NVIDIA,big_tech_labs,nvidia/Nemotron-RL-ARC-AGI-v1,11,673,other,2026-05-26,2026-06-04,,task_categories:text-generation task_categories:question-answering language:en format:json modality:text library:datasets library:pandas library:polars library:mlcroissant reasoning question-answering Nemotron_3_Ultra text reinforcement-learning manually-collected synthetic,https://huggingface.co/datasets/nvidia/Nemotron-RL-ARC-AGI-v1, Dataset Description: Nemotron-RL-ARC-AGI-v1 is a reinforcement-learning (RL) gym environment dataset of single-step ARC-AGI puzzle prompts intended for RL post-training of large language models. Each row corresponds to one ARC puzzle (a set of (inpu
huggingface,NVIDIA,big_tech_labs,nvidia/Nemotron-SFT-SWE-v3,23,3180,"cc-by-4.0, apache-2.0, mit, bsd-3-clause, bsd-2-clause",2026-05-26,2026-06-06,,task_categories:text-generation language:en format:parquet modality:text library:datasets library:dask library:polars library:mlcroissant arxiv:2412.21139 arxiv:2504.07164 arxiv:2505.20411 arxiv:2511.03690 arxiv:2512.13607 tool-use supervised-fine-tuning blend code SWE Nemotron_3_Ultra text,https://huggingface.co/datasets/nvidia/Nemotron-SFT-SWE-v3," Dataset Description: Nemotron-SFT-SWE-v3 is a software engineering instruction tuning dataset designed to advance the capabilities of LLMs on SWE-Bench style tasks. It includes agentic trajectories collected using a variety of agent harnesses, inclu"
huggingface,NVIDIA,big_tech_labs,nvidia/Nemotron-SFT-Math-v4,47,3700,"cc-by-4.0, cc-by-sa-4.0",2026-05-26,2026-08-12,,task_categories:text-generation language:en format:parquet modality:text library:datasets library:dask library:polars library:mlcroissant arxiv:2512.15489 math mathematical-reasoning text blend Nemotron_3_Ultra supervised-fine-tuning,https://huggingface.co/datasets/nvidia/Nemotron-SFT-Math-v4, Nemotron-SFT-Math-v4 Dataset Description: Nemotron-SFT-Math-v4 is a large-scale mathematical reasoning dataset containing model-generated reasoning trajectories. Solutions in this version are generated using DeepSeek-V4-Pro on High inference mode. T
huggingface,NVIDIA,big_tech_labs,nvidia/Nemotron-SFT-ARC-AGI-v1,24,2018,other,2026-05-26,2026-06-04,,task_categories:text-generation language:en format:json modality:text library:datasets library:pandas library:polars library:mlcroissant Nemotron_3_Ultra code reasoning synthetic text supervised-fine-tuning,https://huggingface.co/datasets/nvidia/Nemotron-SFT-ARC-AGI-v1, Dataset Description: Nemotron-SFT-ARC-AGI-v1 is a supervised fine-tuning (SFT) dataset of multi-turn agentic reasoning traces produced by open-weight large language models attempting to solve ARC-AGI visual-reasoning puzzles. Each ARC puzzle (a set 
huggingface,NVIDIA,big_tech_labs,nvidia/Cosmos-AnomalyGen-PCB-Dataset,2,285,other,2026-05-25,2026-05-30,,task_categories:image-to-image language:en format:imagefolder modality:image library:datasets library:mlcroissant nvidia cosmos pcb-inspection synthetic-data-generation anomaly-generation demo,https://huggingface.co/datasets/nvidia/Cosmos-AnomalyGen-PCB-Dataset, Dataset Overview Dataset Description: We are releasing 86 sample images of components on NV boards in a FoxConn factory. These images are used to finetune the AnomalyGen and Qwen-Image-Edit. This dataset is for demonstration purposes and not for pro
huggingface,NVIDIA,big_tech_labs,nvidia/ProCUA-SFT,16,2047,cc-by-4.0,2026-05-21,2026-07-13,,task_categories:image-text-to-text language:en modality:document arxiv:2606.17321 computer-use-agents gui-agents desktop-automation synthetic-data supervised-fine-tuning multimodal osworld pyautogui,https://huggingface.co/datasets/nvidia/ProCUA-SFT," ProCUA-SFT ProCUA-SFT is a large-scale synthetic trajectory dataset for training computer-use agents (CUAs): models that operate graphical desktop environments from screenshots using mouse, keyboard, and code-like actions. The dataset accompanies th"
huggingface,NVIDIA,big_tech_labs,nvidia/cascade,10,242,other,2026-05-14,2026-10-02,,task_categories:other language:en autonomous-driving autonomous-vehicles self-driving driving-scenes scene-understanding spatio-temporal causal-reasoning video-understanding annotations nvidia physical-ai,https://huggingface.co/datasets/nvidia/cascade," CASCADE: Causal Spatio-Temporal Analysis of Driving Environments The CASCADE dataset adds causally-linked, temporally-ordered annotations to 2,000+ 20-second driving clips drawn from the NVIDIA Physical AI Dataset for AV. Each clip is annotated as a"
huggingface,NVIDIA,big_tech_labs,nvidia/Arena-G1-Static-PickNPlace-Task,3,478,cc-by-4.0,2026-05-06,2026-07-06,,task_categories:robotics format:parquet modality:tabular modality:timeseries modality:video library:datasets library:dask library:polars library:mlcroissant robotics,https://huggingface.co/datasets/nvidia/Arena-G1-Static-PickNPlace-Task, Dataset Description: The Arena-G1-Static-PickNPlace-Task dataset is a multimodal collection of trajectories generated in Isaac Lab. It supports humanoid (G1) loco-manipulation task in IsaacLab-Arena environment. Each entry provides the full context 
huggingface,NVIDIA,big_tech_labs,nvidia/PhysicalAI-WorldModel-Synthetic-Warehouse-Operations-Scenes,21,36480,other,2026-05-05,2026-05-29,,task_categories:video-classification task_categories:video-text-to-text task_categories:text-to-video language:en modality:video library:webdataset physical-ai synthetic-data video warehouse industrial-safety isaac-sim forklift fire multi-view webdataset cosmos nvidia,https://huggingface.co/datasets/nvidia/PhysicalAI-WorldModel-Synthetic-Warehouse-Operations-Scenes," PhysicalAI SDG-Warehouse PhysicalAI SDG-Warehouse is a synthetic, fully-annotated video dataset of staged industrial-safety events captured in a simulated warehouse environment. It contains approximately 123k video clips, totaling roughly 412 hours "
huggingface,NVIDIA,big_tech_labs,nvidia/PhysicalAI-WorldModel-Synthetic-Physical-Interaction-Scenes,45,38413,other,2026-05-05,2026-06-09,,format:webdataset modality:image modality:text library:datasets library:webdataset library:mlcroissant,https://huggingface.co/datasets/nvidia/PhysicalAI-WorldModel-Synthetic-Physical-Interaction-Scenes," PhysicalAI-WorldModel-Synthetic-Physical-Interaction-Scenes Dataset Card Dataset Description PhysicalAI-WorldModel-Synthetic-Physical-Interaction-Scenes is a large-scale synthetic dataset of physically-simulated multi-object interaction scenes, gene"
huggingface,NVIDIA,big_tech_labs,nvidia/PhysicalAI-Robotics-Locomanipulation-GRAIL,30,64410,cc-by-nc-4.0,2026-04-28,2026-09-06,,modality:image modality:video arxiv:2606.05160 humanoid-locomanipulation whole-body-control human-object-interaction video-to-motion reinforcement-learning physics-simulation isaac-sim unitree-g1 smpl-x 4d-hoi-reconstruction,https://huggingface.co/datasets/nvidia/PhysicalAI-Robotics-Locomanipulation-GRAIL, 📢 News [2026-07-15] Released task-general tracking policy checkpoints trained on the released data. Follow the tracking doc to use them to track our released motion data. [2026-07-14] Updated data/pickup_table and data/pickup_ground. If you download
huggingface,NVIDIA,big_tech_labs,nvidia/SWE-Hero-openhands-trajectories,29,2552,cc-by-4.0,2026-04-17,2026-05-08,,format:parquet modality:text library:datasets library:dask library:polars library:mlcroissant arxiv:2604.01496 code synthetic tools agents software,https://huggingface.co/datasets/nvidia/SWE-Hero-openhands-trajectories, SWE-Hero Trajectories: Execution-based Fine-tuning for Software Engineering Agents Data Overview SWE-Hero Trajectories is an agentic instruction tuning dataset designed to advance the capabilities of LLMs in software engineering. This dataset compri
huggingface,NVIDIA,big_tech_labs,nvidia/SWE-Zero-openhands-trajectories,24,3208,cc-by-4.0,2026-04-17,2026-05-05,,format:parquet modality:text library:datasets library:dask library:polars library:mlcroissant arxiv:2604.01496 code synthetic tools agents software,https://huggingface.co/datasets/nvidia/SWE-Zero-openhands-trajectories, SWE-Zero Trajectories: Execution-free Fine-tuning for Software Engineering Agents Data Overview SWE-ZERO Trajectories is an agentic instruction tuning dataset designed to advance the capabilities of LLMs in software engineering. This dataset compris
huggingface,NVIDIA,big_tech_labs,nvidia/Open-SWE-Traces,145,26145,cc-by-4.0,2026-04-16,2026-10-08,,modality:text arxiv:2609.06780 arxiv:2606.16038 code synthetic tools agents software,https://huggingface.co/datasets/nvidia/Open-SWE-Traces, Open-SWE-Traces: Advancing Distillation for Software Engineering Agents 🚨 What's New [09/26] Release v1.2: Added new agent trajectories generated by Qwen3.8-27B for mini-swe-agent. Trajectories for OpenCode and Claude Code harnesses will be released
github,NVIDIA Labs,big_tech_labs,NVlabs/ENPIRE,259,,Apache-2.0,2026-07-22,2026-09-09,Python,,https://github.com/NVlabs/ENPIRE,"ENPIRE is an agentic framework that allows AI coding agents to autonomously self-improve real-world robot policies through closed-loop physical trial, error, and evolution"
github,NVIDIA Labs,big_tech_labs,NVlabs/RoboVoLo,31,,,2026-07-20,2026-08-08,Python,,https://github.com/NVlabs/RoboVoLo,
github,NVIDIA Labs,big_tech_labs,NVlabs/SimFoundry,412,,Apache-2.0,2026-07-15,2026-08-27,Python,,https://github.com/NVlabs/SimFoundry,Modular and Automated Scene Generation for Policy Learning and Evaluation
github,NVIDIA Labs,big_tech_labs,NVlabs/ASPIRE,248,,Apache-2.0,2026-07-08,2026-09-01,Python,,https://github.com/NVlabs/ASPIRE,ASPIRE: Agentic /Skills Discovery for Robotics
github,NVIDIA Labs,big_tech_labs,NVlabs/DroidPlus,42,,Apache-2.0,2026-05-07,2026-08-19,Python,,https://github.com/NVlabs/DroidPlus,Simple Droid platform stack
github,NVIDIA Labs,big_tech_labs,NVlabs/humanoidmimicgen,15,,Apache-2.0,2026-05-02,2026-09-23,Python,,https://github.com/NVlabs/humanoidmimicgen,Official loco-manipulation simulation benchmark environments from the HumanoidMimicGen project.
github,NVIDIA Isaac ROS,big_tech_labs,NVIDIA-ISAAC-ROS/isaac_ros_learned_policies,0,,Apache-2.0,2026-04-30,2026-09-22,CMake,,https://github.com/NVIDIA-ISAAC-ROS/isaac_ros_learned_policies,ROS 2 packages providing learned policies for humanoid robot control
github,NVIDIA Isaac ROS,big_tech_labs,NVIDIA-ISAAC-ROS/isaac_ros_robots,0,,Apache-2.0,2026-04-29,2026-09-22,C++,,https://github.com/NVIDIA-ISAAC-ROS/isaac_ros_robots,Support packages for robots
github,NVIDIA Isaac ROS,big_tech_labs,NVIDIA-ISAAC-ROS/isaac_ros_deploy,9,,Apache-2.0,2026-04-29,2026-09-24,C++,,https://github.com/NVIDIA-ISAAC-ROS/isaac_ros_deploy,Deploy neural network policies trained in NVIDIA Isaac Lab on real and simulated robots
github,NVIDIA Isaac ROS,big_tech_labs,NVIDIA-ISAAC-ROS/isaac_ros_physical_ai,2,,Apache-2.0,2026-04-29,2026-09-22,CMake,,https://github.com/NVIDIA-ISAAC-ROS/isaac_ros_physical_ai,Application-level bringup packages for deploying whole-body control and teleoperation on humanoid robots
github,NVIDIA Isaac ROS,big_tech_labs,NVIDIA-ISAAC-ROS/isaac_ros_teleop,4,,Apache-2.0,2026-04-29,2026-09-22,C++,,https://github.com/NVIDIA-ISAAC-ROS/isaac_ros_teleop,Teleoperation Solutions using XR headsets.
github,Google DeepMind,big_tech_labs,google-deepmind/nested,0,,Apache-2.0,2026-05-18,2026-05-19,Python,data-structures nested-structures,https://github.com/google-deepmind/nested,A Python library for easy access and manipulation of nested data structures.
github,Meta FAIR,big_tech_labs,facebookresearch/project_superdex,720,,Apache-2.0,2026-08-20,2026-10-08,C++,,https://github.com/facebookresearch/project_superdex,"SuperDex brings together a purpose-built physics engine, robotics authoring tools, and a scalable reinforcement learning interface in a unified simulation platform, with VR-based teleoperation and additional capabilities planned for future releases."
github,Meta FAIR,big_tech_labs,facebookresearch/schlepp,2,,,2026-08-19,2026-09-28,Python,,https://github.com/facebookresearch/schlepp,"schlepp is the Python package for the Schlepp synthetic dataset, which features multi-camera, multi-actor, multi-modal object manipulation sequences. It provides dense ground-truth optical flow, depth, segmentation, point tracks, oriented bounding bo"
github,Meta FAIR,big_tech_labs,facebookresearch/digiworld,7,,Apache-2.0,2026-08-18,2026-10-04,TypeScript,,https://github.com/facebookresearch/digiworld,"A benchmark for evaluating Computer Use Agents (CUAs) on 15 sandboxed Android apps. DigiWorld has 3.2M+ unique configurations across data, themes, and UI states."
huggingface,Meta FAIR,big_tech_labs,facebook/show3d-dataset,9,25172,cc-by-nc-4.0,2026-05-14,2026-10-06,,task_categories:other language:en modality:tabular modality:text modality:video modality:3d arxiv:2603.28760 egocentric video hand-object-interaction 3d cvpr-2026,https://huggingface.co/datasets/facebook/show3d-dataset," SHOW3D: Capturing Scenes of 3D Hands and Objects in the Wild (CVPR 2026) 📢 News October 3, 2026: Hand pose v3 release: Significantly reduced joint angle limit violations, and increased valid frames. Now available in UmeTrack, MANO, and MHR. See hand"
github,Allen Institute for AI,big_tech_labs,allenai/molmospaces_policy_zoo,0,,Apache-2.0,2026-06-08,2026-06-16,Python,,https://github.com/allenai/molmospaces_policy_zoo,Policy zoo for data generation + evaluation in MolmoSpaces
huggingface,Allen Institute for AI,big_tech_labs,allenai/PointMotionBench,7,1481,,2026-06-11,2026-06-22,,task_categories:robotics arxiv:2606.18558,https://huggingface.co/datasets/allenai/PointMotionBench," PointMotionBench This is the official benchmark for the paper MolmoMotion: Forecasting Point Trajectories in 3D with Language Instruction. A benchmark for evaluating 3D point motion in video, covering egocentric and third-person scenes across three "
huggingface,Allen Institute for AI,big_tech_labs,allenai/ring-data,2,95,odc-by,2026-06-11,2026-07-21,,format:parquet format:optimized-parquet modality:tabular modality:text library:datasets library:pandas library:polars library:mlcroissant arxiv:2412.14401 object navigation indoor vla cross-embodiment,https://huggingface.co/datasets/allenai/ring-data," RING-data 🌐 Project page 💻 GitHub 📄 Paper This dataset contains training episode data (actions, visual inputs, and other sensor data) with randomized embodiments for ObjectNavType tasks. Please note that every package indexed by the parquet file can"
huggingface,Allen Institute for AI,big_tech_labs,allenai/eval_pi05_cup_stacking_ood,0,158,apache-2.0,2026-05-20,2026-05-20,,task_categories:robotics format:parquet modality:tabular modality:timeseries modality:video library:datasets library:pandas library:polars library:mlcroissant LeRobot,https://huggingface.co/datasets/allenai/eval_pi05_cup_stacking_ood,"This dataset was created using LeRobot. Dataset Structure meta/info.json: { ""codebase_version"": ""v3.0"", ""robot_type"": ""bi_yam_follower"", ""total_episodes"": 20, ""total_frames"": 13979, ""total_tasks"": 2, ""chunks_size"": 1000, ""data_files_size_in_mb"": 100,"
huggingface,Allen Institute for AI,big_tech_labs,allenai/eval_pi05_pipette_ood,0,164,apache-2.0,2026-05-20,2026-05-20,,task_categories:robotics format:parquet modality:tabular modality:timeseries modality:video library:datasets library:pandas library:polars library:mlcroissant LeRobot,https://huggingface.co/datasets/allenai/eval_pi05_pipette_ood,"This dataset was created using LeRobot. Dataset Structure meta/info.json: { ""codebase_version"": ""v3.0"", ""robot_type"": ""bi_yam_follower"", ""total_episodes"": 20, ""total_frames"": 9269, ""total_tasks"": 3, ""chunks_size"": 1000, ""data_files_size_in_mb"": 100, "
huggingface,Allen Institute for AI,big_tech_labs,allenai/eval_cosmos_cup_stacking_ood,0,159,apache-2.0,2026-05-20,2026-05-20,,task_categories:robotics format:parquet modality:tabular modality:timeseries modality:video library:datasets library:pandas library:polars library:mlcroissant LeRobot,https://huggingface.co/datasets/allenai/eval_cosmos_cup_stacking_ood,"This dataset was created using LeRobot. Dataset Structure meta/info.json: { ""codebase_version"": ""v3.0"", ""robot_type"": ""bi_yam_follower"", ""total_episodes"": 15, ""total_frames"": 16786, ""total_tasks"": 2, ""chunks_size"": 1000, ""data_files_size_in_mb"": 100,"
huggingface,Allen Institute for AI,big_tech_labs,allenai/eval_xvla_pipette_ood,0,166,apache-2.0,2026-05-20,2026-05-20,,task_categories:robotics format:parquet modality:tabular modality:timeseries modality:video library:datasets library:pandas library:polars library:mlcroissant LeRobot,https://huggingface.co/datasets/allenai/eval_xvla_pipette_ood,"This dataset was created using LeRobot. Dataset Structure meta/info.json: { ""codebase_version"": ""v3.0"", ""robot_type"": ""bi_yam_follower"", ""total_episodes"": 23, ""total_frames"": 11466, ""total_tasks"": 3, ""chunks_size"": 1000, ""data_files_size_in_mb"": 100,"
huggingface,Allen Institute for AI,big_tech_labs,allenai/eval_xvla_cup_stacking_ood,0,155,apache-2.0,2026-05-20,2026-05-20,,task_categories:robotics format:parquet modality:tabular modality:timeseries modality:video library:datasets library:pandas library:polars library:mlcroissant LeRobot,https://huggingface.co/datasets/allenai/eval_xvla_cup_stacking_ood,"This dataset was created using LeRobot. Dataset Structure meta/info.json: { ""codebase_version"": ""v3.0"", ""robot_type"": ""bi_yam_follower"", ""total_episodes"": 25, ""total_frames"": 16096, ""total_tasks"": 3, ""chunks_size"": 1000, ""data_files_size_in_mb"": 100,"
huggingface,Allen Institute for AI,big_tech_labs,allenai/eval_pi05_candy_sorting_ood,0,151,apache-2.0,2026-05-20,2026-05-20,,task_categories:robotics format:parquet modality:tabular modality:timeseries modality:video library:datasets library:pandas library:polars library:mlcroissant LeRobot,https://huggingface.co/datasets/allenai/eval_pi05_candy_sorting_ood,"This dataset was created using LeRobot. Dataset Structure meta/info.json: { ""codebase_version"": ""v3.0"", ""robot_type"": ""bi_yam_follower"", ""total_episodes"": 24, ""total_frames"": 15757, ""total_tasks"": 4, ""chunks_size"": 1000, ""data_files_size_in_mb"": 100,"
huggingface,Allen Institute for AI,big_tech_labs,allenai/eval_molmoact_cup_stacking_ood,0,171,apache-2.0,2026-05-20,2026-05-20,,task_categories:robotics format:parquet modality:tabular modality:timeseries modality:video library:datasets library:pandas library:polars library:mlcroissant LeRobot,https://huggingface.co/datasets/allenai/eval_molmoact_cup_stacking_ood,"This dataset was created using LeRobot. Dataset Structure meta/info.json: { ""codebase_version"": ""v3.0"", ""robot_type"": ""bi_yam_follower"", ""total_episodes"": 21, ""total_frames"": 20688, ""total_tasks"": 3, ""chunks_size"": 1000, ""data_files_size_in_mb"": 100,"
huggingface,Allen Institute for AI,big_tech_labs,allenai/eval_xvla_candy_sorting_ood,0,140,apache-2.0,2026-05-20,2026-05-20,,task_categories:robotics format:parquet modality:tabular modality:timeseries modality:video library:datasets library:pandas library:polars library:mlcroissant LeRobot,https://huggingface.co/datasets/allenai/eval_xvla_candy_sorting_ood,"This dataset was created using LeRobot. Dataset Structure meta/info.json: { ""codebase_version"": ""v3.0"", ""robot_type"": ""bi_yam_follower"", ""total_episodes"": 23, ""total_frames"": 16014, ""total_tasks"": 4, ""chunks_size"": 1000, ""data_files_size_in_mb"": 100,"
huggingface,Allen Institute for AI,big_tech_labs,allenai/eval_molmoact_pipette_ood,0,162,apache-2.0,2026-05-20,2026-05-20,,task_categories:robotics format:parquet modality:tabular modality:timeseries modality:video library:datasets library:pandas library:polars library:mlcroissant LeRobot,https://huggingface.co/datasets/allenai/eval_molmoact_pipette_ood,"This dataset was created using LeRobot. Dataset Structure meta/info.json: { ""codebase_version"": ""v3.0"", ""robot_type"": ""bi_yam_follower"", ""total_episodes"": 24, ""total_frames"": 18629, ""total_tasks"": 3, ""chunks_size"": 1000, ""data_files_size_in_mb"": 100,"
huggingface,Allen Institute for AI,big_tech_labs,allenai/eval_cosmos_pipette_ood,0,169,apache-2.0,2026-05-20,2026-05-20,,task_categories:robotics format:parquet modality:tabular modality:timeseries modality:video library:datasets library:pandas library:polars library:mlcroissant LeRobot,https://huggingface.co/datasets/allenai/eval_cosmos_pipette_ood,"This dataset was created using LeRobot. Dataset Structure meta/info.json: { ""codebase_version"": ""v3.0"", ""robot_type"": ""bi_yam_follower"", ""total_episodes"": 20, ""total_frames"": 20595, ""total_tasks"": 2, ""chunks_size"": 1000, ""data_files_size_in_mb"": 100,"
huggingface,Allen Institute for AI,big_tech_labs,allenai/eval_openvla_cup_stacking_ood,0,165,apache-2.0,2026-05-20,2026-05-20,,task_categories:robotics format:parquet modality:tabular modality:timeseries modality:video library:datasets library:pandas library:polars library:mlcroissant LeRobot,https://huggingface.co/datasets/allenai/eval_openvla_cup_stacking_ood,"This dataset was created using LeRobot. Dataset Structure meta/info.json: { ""codebase_version"": ""v3.0"", ""robot_type"": ""bi_yam_follower"", ""total_episodes"": 25, ""total_frames"": 30143, ""total_tasks"": 3, ""chunks_size"": 1000, ""data_files_size_in_mb"": 100,"
huggingface,Allen Institute for AI,big_tech_labs,allenai/eval_openvla_pipette_ood,0,168,apache-2.0,2026-05-20,2026-05-20,,task_categories:robotics format:parquet modality:tabular modality:timeseries modality:video library:datasets library:pandas library:polars library:mlcroissant library:lerobot LeRobot,https://huggingface.co/datasets/allenai/eval_openvla_pipette_ood,"This dataset was created using LeRobot. Dataset Structure meta/info.json: { ""codebase_version"": ""v3.0"", ""robot_type"": ""bi_yam_follower"", ""total_episodes"": 24, ""total_frames"": 20010, ""total_tasks"": 4, ""chunks_size"": 1000, ""data_files_size_in_mb"": 100,"
huggingface,Allen Institute for AI,big_tech_labs,allenai/eval_molmoact_cup_stacking_in-distribution,0,1021,apache-2.0,2026-05-20,2026-05-20,,task_categories:robotics format:parquet modality:tabular modality:timeseries modality:video library:datasets library:pandas library:polars library:mlcroissant LeRobot,https://huggingface.co/datasets/allenai/eval_molmoact_cup_stacking_in-distribution,"This dataset was created using LeRobot. Dataset Structure meta/info.json: { ""codebase_version"": ""v3.0"", ""robot_type"": ""bi_yam_follower"", ""total_episodes"": 35, ""total_frames"": 32048, ""total_tasks"": 1, ""chunks_size"": 1000, ""data_files_size_in_mb"": 100,"
huggingface,Allen Institute for AI,big_tech_labs,allenai/eval_xvla_cup_stacking_in-distribution,0,267,apache-2.0,2026-05-20,2026-05-20,,task_categories:robotics format:parquet modality:tabular modality:timeseries modality:video library:datasets library:pandas library:polars library:mlcroissant LeRobot,https://huggingface.co/datasets/allenai/eval_xvla_cup_stacking_in-distribution,"This dataset was created using LeRobot. Dataset Structure meta/info.json: { ""codebase_version"": ""v3.0"", ""robot_type"": ""bi_yam_follower"", ""total_episodes"": 50, ""total_frames"": 31683, ""total_tasks"": 1, ""chunks_size"": 1000, ""data_files_size_in_mb"": 100,"
huggingface,Allen Institute for AI,big_tech_labs,allenai/eval_xvla_pipette_in-distribution,0,163,apache-2.0,2026-05-20,2026-05-20,,task_categories:robotics format:parquet modality:tabular modality:timeseries modality:video library:datasets library:pandas library:polars library:mlcroissant LeRobot,https://huggingface.co/datasets/allenai/eval_xvla_pipette_in-distribution,"This dataset was created using LeRobot. Dataset Structure meta/info.json: { ""codebase_version"": ""v3.0"", ""robot_type"": ""bi_yam_follower"", ""total_episodes"": 50, ""total_frames"": 24471, ""total_tasks"": 1, ""chunks_size"": 1000, ""data_files_size_in_mb"": 100,"
huggingface,Allen Institute for AI,big_tech_labs,allenai/eval_pi05_pipette_in-distribution,0,159,apache-2.0,2026-05-20,2026-05-20,,task_categories:robotics format:parquet modality:tabular modality:timeseries modality:video library:datasets library:pandas library:polars library:mlcroissant LeRobot,https://huggingface.co/datasets/allenai/eval_pi05_pipette_in-distribution,"This dataset was created using LeRobot. Dataset Structure meta/info.json: { ""codebase_version"": ""v3.0"", ""robot_type"": ""bi_yam_follower"", ""total_episodes"": 51, ""total_frames"": 24001, ""total_tasks"": 1, ""chunks_size"": 1000, ""data_files_size_in_mb"": 100,"
huggingface,Allen Institute for AI,big_tech_labs,allenai/eval_pi05_cup_stacking_in-distribution,0,134,apache-2.0,2026-05-20,2026-05-20,,task_categories:robotics format:parquet modality:tabular modality:timeseries modality:video library:datasets library:pandas library:polars library:mlcroissant LeRobot,https://huggingface.co/datasets/allenai/eval_pi05_cup_stacking_in-distribution,"This dataset was created using LeRobot. Dataset Structure meta/info.json: { ""codebase_version"": ""v3.0"", ""robot_type"": ""bi_yam_follower"", ""total_episodes"": 55, ""total_frames"": 39128, ""total_tasks"": 1, ""chunks_size"": 1000, ""data_files_size_in_mb"": 100,"
huggingface,Allen Institute for AI,big_tech_labs,allenai/eval_molmoact_candy_sorting_ood,0,157,apache-2.0,2026-05-20,2026-05-20,,task_categories:robotics format:parquet modality:tabular modality:timeseries modality:video library:datasets library:pandas library:polars library:mlcroissant LeRobot,https://huggingface.co/datasets/allenai/eval_molmoact_candy_sorting_ood,"This dataset was created using LeRobot. Dataset Structure meta/info.json: { ""codebase_version"": ""v3.0"", ""robot_type"": ""bi_yam_follower"", ""total_episodes"": 25, ""total_frames"": 29901, ""total_tasks"": 3, ""chunks_size"": 1000, ""data_files_size_in_mb"": 100,"
huggingface,Allen Institute for AI,big_tech_labs,allenai/eval_pi05_toy_storing_in-distribution,0,367,apache-2.0,2026-05-20,2026-05-20,,task_categories:robotics format:parquet modality:tabular modality:timeseries modality:video library:datasets library:pandas library:polars library:mlcroissant LeRobot,https://huggingface.co/datasets/allenai/eval_pi05_toy_storing_in-distribution,"This dataset was created using LeRobot. Dataset Structure meta/info.json: { ""codebase_version"": ""v3.0"", ""robot_type"": ""bi_yam_follower"", ""total_episodes"": 52, ""total_frames"": 32830, ""total_tasks"": 1, ""chunks_size"": 1000, ""data_files_size_in_mb"": 100,"
huggingface,Allen Institute for AI,big_tech_labs,allenai/eval_xvla_candy_sorting_in-distribution,0,335,apache-2.0,2026-05-20,2026-05-20,,task_categories:robotics format:parquet modality:tabular modality:timeseries modality:video library:datasets library:pandas library:polars library:mlcroissant LeRobot,https://huggingface.co/datasets/allenai/eval_xvla_candy_sorting_in-distribution,"This dataset was created using LeRobot. Dataset Structure meta/info.json: { ""codebase_version"": ""v3.0"", ""robot_type"": ""bi_yam_follower"", ""total_episodes"": 50, ""total_frames"": 33307, ""total_tasks"": 1, ""chunks_size"": 1000, ""data_files_size_in_mb"": 100,"
huggingface,Allen Institute for AI,big_tech_labs,allenai/eval_pi05_candy_sorting_in-distribution,0,313,apache-2.0,2026-05-20,2026-05-20,,task_categories:robotics format:parquet modality:tabular modality:timeseries modality:video library:datasets library:pandas library:polars library:mlcroissant LeRobot,https://huggingface.co/datasets/allenai/eval_pi05_candy_sorting_in-distribution,"This dataset was created using LeRobot. Dataset Structure meta/info.json: { ""codebase_version"": ""v3.0"", ""robot_type"": ""bi_yam_follower"", ""total_episodes"": 50, ""total_frames"": 33406, ""total_tasks"": 1, ""chunks_size"": 1000, ""data_files_size_in_mb"": 100,"
huggingface,Allen Institute for AI,big_tech_labs,allenai/eval_xvla_toy_storing_in-distribution,0,292,apache-2.0,2026-05-20,2026-05-20,,task_categories:robotics format:parquet modality:tabular modality:timeseries modality:video library:datasets library:pandas library:polars library:mlcroissant LeRobot,https://huggingface.co/datasets/allenai/eval_xvla_toy_storing_in-distribution,"This dataset was created using LeRobot. Dataset Structure meta/info.json: { ""codebase_version"": ""v3.0"", ""robot_type"": ""bi_yam_follower"", ""total_episodes"": 50, ""total_frames"": 34854, ""total_tasks"": 1, ""chunks_size"": 1000, ""data_files_size_in_mb"": 100,"
huggingface,Allen Institute for AI,big_tech_labs,allenai/eval_xvla_cup_storing_in-distribution,0,128,apache-2.0,2026-05-20,2026-05-20,,task_categories:robotics format:parquet modality:tabular modality:timeseries modality:video library:datasets library:pandas library:polars library:mlcroissant LeRobot,https://huggingface.co/datasets/allenai/eval_xvla_cup_storing_in-distribution,"This dataset was created using LeRobot. Dataset Structure meta/info.json: { ""codebase_version"": ""v3.0"", ""robot_type"": ""bi_yam_follower"", ""total_episodes"": 53, ""total_frames"": 35729, ""total_tasks"": 2, ""chunks_size"": 1000, ""data_files_size_in_mb"": 100,"
huggingface,Allen Institute for AI,big_tech_labs,allenai/eval_cosmos_candy_sorting_ood,0,115,apache-2.0,2026-05-20,2026-05-20,,task_categories:robotics format:parquet modality:tabular modality:timeseries modality:video library:datasets library:pandas library:polars library:mlcroissant LeRobot,https://huggingface.co/datasets/allenai/eval_cosmos_candy_sorting_ood,"This dataset was created using LeRobot. Dataset Structure meta/info.json: { ""codebase_version"": ""v3.0"", ""robot_type"": ""bi_yam_follower"", ""total_episodes"": 22, ""total_frames"": 36649, ""total_tasks"": 3, ""chunks_size"": 1000, ""data_files_size_in_mb"": 100,"
huggingface,Allen Institute for AI,big_tech_labs,allenai/eval_openvla_candy_sorting_ood,0,119,apache-2.0,2026-05-20,2026-05-20,,task_categories:robotics format:parquet modality:tabular modality:timeseries modality:video library:datasets library:pandas library:polars library:mlcroissant LeRobot,https://huggingface.co/datasets/allenai/eval_openvla_candy_sorting_ood,"This dataset was created using LeRobot. Dataset Structure meta/info.json: { ""codebase_version"": ""v3.0"", ""robot_type"": ""bi_yam_follower"", ""total_episodes"": 23, ""total_frames"": 39313, ""total_tasks"": 4, ""chunks_size"": 1000, ""data_files_size_in_mb"": 100,"
huggingface,Allen Institute for AI,big_tech_labs,allenai/eval_openvla_pipette_in-distribution,0,318,apache-2.0,2026-05-20,2026-05-20,,task_categories:robotics format:parquet modality:tabular modality:timeseries modality:video library:datasets library:pandas library:polars library:mlcroissant LeRobot,https://huggingface.co/datasets/allenai/eval_openvla_pipette_in-distribution,"This dataset was created using LeRobot. Dataset Structure meta/info.json: { ""codebase_version"": ""v3.0"", ""robot_type"": ""bi_yam_follower"", ""total_episodes"": 50, ""total_frames"": 32801, ""total_tasks"": 1, ""chunks_size"": 1000, ""data_files_size_in_mb"": 100,"
huggingface,Allen Institute for AI,big_tech_labs,allenai/eval_pi05_linearbot_in-distribution,0,223,apache-2.0,2026-05-20,2026-05-20,,task_categories:robotics format:parquet modality:tabular modality:timeseries modality:video library:datasets library:pandas library:polars library:mlcroissant LeRobot,https://huggingface.co/datasets/allenai/eval_pi05_linearbot_in-distribution,"This dataset was created using LeRobot. Dataset Structure meta/info.json: { ""codebase_version"": ""v3.0"", ""robot_type"": ""bi_yam_linear_bot"", ""total_episodes"": 45, ""total_frames"": 31811, ""total_tasks"": 1, ""chunks_size"": 1000, ""data_files_size_in_mb"": 10"
huggingface,Allen Institute for AI,big_tech_labs,allenai/eval_xvla_linearbot_in-distribution,0,257,apache-2.0,2026-05-20,2026-05-20,,task_categories:robotics format:parquet modality:tabular modality:timeseries modality:video library:datasets library:pandas library:polars library:mlcroissant LeRobot,https://huggingface.co/datasets/allenai/eval_xvla_linearbot_in-distribution,"This dataset was created using LeRobot. Dataset Structure meta/info.json: { ""codebase_version"": ""v3.0"", ""robot_type"": ""bi_yam_linear_bot"", ""total_episodes"": 50, ""total_frames"": 31908, ""total_tasks"": 1, ""chunks_size"": 1000, ""data_files_size_in_mb"": 10"
huggingface,Allen Institute for AI,big_tech_labs,allenai/eval_cosmos_cup_stacking_in-distribution,0,290,apache-2.0,2026-05-20,2026-05-20,,task_categories:robotics format:parquet modality:tabular modality:timeseries modality:video library:datasets library:pandas library:polars library:mlcroissant LeRobot,https://huggingface.co/datasets/allenai/eval_cosmos_cup_stacking_in-distribution,"This dataset was created using LeRobot. Dataset Structure meta/info.json: { ""codebase_version"": ""v3.0"", ""robot_type"": ""bi_yam_follower"", ""total_episodes"": 44, ""total_frames"": 54110, ""total_tasks"": 1, ""chunks_size"": 1000, ""data_files_size_in_mb"": 100,"
huggingface,Allen Institute for AI,big_tech_labs,allenai/eval_pi05_cup_storing_in-distribution,0,127,apache-2.0,2026-05-20,2026-05-20,,task_categories:robotics format:parquet modality:tabular modality:timeseries modality:video library:datasets library:pandas library:polars library:mlcroissant LeRobot,https://huggingface.co/datasets/allenai/eval_pi05_cup_storing_in-distribution,"This dataset was created using LeRobot. Dataset Structure meta/info.json: { ""codebase_version"": ""v3.0"", ""robot_type"": ""bi_yam_follower"", ""total_episodes"": 50, ""total_frames"": 38865, ""total_tasks"": 1, ""chunks_size"": 1000, ""data_files_size_in_mb"": 100,"
huggingface,Allen Institute for AI,big_tech_labs,allenai/eval_molmoact_pipette_in-distribution,0,132,apache-2.0,2026-05-20,2026-05-20,,task_categories:robotics format:parquet modality:tabular modality:timeseries modality:video library:datasets library:pandas library:polars library:mlcroissant LeRobot,https://huggingface.co/datasets/allenai/eval_molmoact_pipette_in-distribution,"This dataset was created using LeRobot. Dataset Structure meta/info.json: { ""codebase_version"": ""v3.0"", ""robot_type"": ""bi_yam_follower"", ""total_episodes"": 50, ""total_frames"": 38947, ""total_tasks"": 1, ""chunks_size"": 1000, ""data_files_size_in_mb"": 100,"
huggingface,Allen Institute for AI,big_tech_labs,allenai/eval_molmoact_toy_storing_in-distribution,0,283,apache-2.0,2026-05-20,2026-05-20,,task_categories:robotics format:parquet modality:tabular modality:timeseries modality:video library:datasets library:pandas library:polars library:mlcroissant LeRobot,https://huggingface.co/datasets/allenai/eval_molmoact_toy_storing_in-distribution,"This dataset was created using LeRobot. Dataset Structure meta/info.json: { ""codebase_version"": ""v3.0"", ""robot_type"": ""bi_yam_follower"", ""total_episodes"": 40, ""total_frames"": 48713, ""total_tasks"": 1, ""chunks_size"": 1000, ""data_files_size_in_mb"": 100,"
huggingface,Allen Institute for AI,big_tech_labs,allenai/eval_molmoact_linearbot_in-distribution,0,238,apache-2.0,2026-05-20,2026-05-20,,task_categories:robotics format:parquet modality:tabular modality:timeseries modality:video library:datasets library:pandas library:polars library:mlcroissant LeRobot,https://huggingface.co/datasets/allenai/eval_molmoact_linearbot_in-distribution,"This dataset was created using LeRobot. Dataset Structure meta/info.json: { ""codebase_version"": ""v3.0"", ""robot_type"": ""bi_yam_linear_bot"", ""total_episodes"": 34, ""total_frames"": 41711, ""total_tasks"": 1, ""chunks_size"": 1000, ""data_files_size_in_mb"": 10"
huggingface,Allen Institute for AI,big_tech_labs,allenai/eval_molmoact_cup_storing_in-distribution,0,902,apache-2.0,2026-05-20,2026-05-20,,task_categories:robotics format:parquet modality:tabular modality:timeseries modality:video library:datasets library:pandas library:polars library:mlcroissant LeRobot,https://huggingface.co/datasets/allenai/eval_molmoact_cup_storing_in-distribution,"This dataset was created using LeRobot. Dataset Structure meta/info.json: { ""codebase_version"": ""v3.0"", ""robot_type"": ""bi_yam_follower"", ""total_episodes"": 50, ""total_frames"": 45356, ""total_tasks"": 1, ""chunks_size"": 1000, ""data_files_size_in_mb"": 100,"
huggingface,Allen Institute for AI,big_tech_labs,allenai/eval_openvla_cup_storing_in-distribution,0,241,apache-2.0,2026-05-20,2026-05-20,,task_categories:robotics format:parquet modality:tabular modality:timeseries modality:video library:datasets library:pandas library:polars library:mlcroissant LeRobot,https://huggingface.co/datasets/allenai/eval_openvla_cup_storing_in-distribution,"This dataset was created using LeRobot. Dataset Structure meta/info.json: { ""codebase_version"": ""v3.0"", ""robot_type"": ""bi_yam_follower"", ""total_episodes"": 50, ""total_frames"": 50219, ""total_tasks"": 1, ""chunks_size"": 1000, ""data_files_size_in_mb"": 100,"
huggingface,Allen Institute for AI,big_tech_labs,allenai/eval_cosmos_pipette_in-distribution,0,276,apache-2.0,2026-05-20,2026-05-20,,task_categories:robotics format:parquet modality:tabular modality:timeseries modality:video library:datasets library:pandas library:polars library:mlcroissant LeRobot,https://huggingface.co/datasets/allenai/eval_cosmos_pipette_in-distribution,"This dataset was created using LeRobot. Dataset Structure meta/info.json: { ""codebase_version"": ""v3.0"", ""robot_type"": ""bi_yam_follower"", ""total_episodes"": 50, ""total_frames"": 52546, ""total_tasks"": 1, ""chunks_size"": 1000, ""data_files_size_in_mb"": 100,"
huggingface,Allen Institute for AI,big_tech_labs,allenai/eval_openvla_cup_stacking_in-distribution,0,256,apache-2.0,2026-05-20,2026-05-20,,task_categories:robotics format:parquet modality:tabular modality:timeseries modality:video library:datasets library:pandas library:polars library:mlcroissant LeRobot,https://huggingface.co/datasets/allenai/eval_openvla_cup_stacking_in-distribution,"This dataset was created using LeRobot. Dataset Structure meta/info.json: { ""codebase_version"": ""v3.0"", ""robot_type"": ""bi_yam_follower"", ""total_episodes"": 49, ""total_frames"": 73008, ""total_tasks"": 1, ""chunks_size"": 1000, ""data_files_size_in_mb"": 100,"
huggingface,Allen Institute for AI,big_tech_labs,allenai/eval_cosmos_cup_storing_in-distribution,0,235,apache-2.0,2026-05-20,2026-05-20,,task_categories:robotics format:parquet modality:tabular modality:timeseries modality:video library:datasets library:pandas library:polars library:mlcroissant LeRobot,https://huggingface.co/datasets/allenai/eval_cosmos_cup_storing_in-distribution,"This dataset was created using LeRobot. Dataset Structure meta/info.json: { ""codebase_version"": ""v3.0"", ""robot_type"": ""bi_yam_follower"", ""total_episodes"": 45, ""total_frames"": 75364, ""total_tasks"": 1, ""chunks_size"": 1000, ""data_files_size_in_mb"": 100,"
huggingface,Allen Institute for AI,big_tech_labs,allenai/eval_molmoact_candy_sorting_in-distribution,0,1025,apache-2.0,2026-05-20,2026-05-20,,task_categories:robotics format:parquet modality:tabular modality:timeseries modality:video library:datasets library:pandas library:polars library:mlcroissant LeRobot,https://huggingface.co/datasets/allenai/eval_molmoact_candy_sorting_in-distribution,"This dataset was created using LeRobot. Dataset Structure meta/info.json: { ""codebase_version"": ""v3.0"", ""robot_type"": ""bi_yam_follower"", ""total_episodes"": 50, ""total_frames"": 59645, ""total_tasks"": 1, ""chunks_size"": 1000, ""data_files_size_in_mb"": 100,"
huggingface,Allen Institute for AI,big_tech_labs,allenai/eval_cosmos_toy_storing_in-distribution,0,288,apache-2.0,2026-05-20,2026-05-20,,task_categories:robotics format:parquet modality:tabular modality:timeseries modality:video library:datasets library:pandas library:polars library:mlcroissant LeRobot,https://huggingface.co/datasets/allenai/eval_cosmos_toy_storing_in-distribution,"This dataset was created using LeRobot. Dataset Structure meta/info.json: { ""codebase_version"": ""v3.0"", ""robot_type"": ""bi_yam_follower"", ""total_episodes"": 51, ""total_frames"": 82809, ""total_tasks"": 1, ""chunks_size"": 1000, ""data_files_size_in_mb"": 100,"
huggingface,Allen Institute for AI,big_tech_labs,allenai/eval_xvla_pegboard_in-distribution,0,282,apache-2.0,2026-05-20,2026-05-20,,task_categories:robotics format:parquet modality:tabular modality:timeseries modality:video library:datasets library:pandas library:polars library:mlcroissant LeRobot,https://huggingface.co/datasets/allenai/eval_xvla_pegboard_in-distribution,"This dataset was created using LeRobot. Dataset Structure meta/info.json: { ""codebase_version"": ""v3.0"", ""robot_type"": ""bi_yam_follower"", ""total_episodes"": 52, ""total_frames"": 30507, ""total_tasks"": 1, ""chunks_size"": 1000, ""data_files_size_in_mb"": 100,"
huggingface,Allen Institute for AI,big_tech_labs,allenai/eval_openvla_candy_sorting_in-distribution,0,333,apache-2.0,2026-05-20,2026-05-20,,task_categories:robotics format:parquet modality:tabular modality:timeseries modality:video library:datasets library:pandas library:polars library:mlcroissant LeRobot,https://huggingface.co/datasets/allenai/eval_openvla_candy_sorting_in-distribution,"This dataset was created using LeRobot. Dataset Structure meta/info.json: { ""codebase_version"": ""v3.0"", ""robot_type"": ""bi_yam_follower"", ""total_episodes"": 50, ""total_frames"": 89295, ""total_tasks"": 1, ""chunks_size"": 1000, ""data_files_size_in_mb"": 100,"
huggingface,Allen Institute for AI,big_tech_labs,allenai/eval_pi05_pegboard_in-distribution,0,103,apache-2.0,2026-05-20,2026-05-20,,task_categories:robotics format:parquet modality:tabular modality:timeseries modality:video library:datasets library:pandas library:polars library:mlcroissant LeRobot,https://huggingface.co/datasets/allenai/eval_pi05_pegboard_in-distribution,"This dataset was created using LeRobot. Dataset Structure meta/info.json: { ""codebase_version"": ""v3.0"", ""robot_type"": ""bi_yam_follower"", ""total_episodes"": 51, ""total_frames"": 35167, ""total_tasks"": 1, ""chunks_size"": 1000, ""data_files_size_in_mb"": 100,"
huggingface,Allen Institute for AI,big_tech_labs,allenai/eval_openvla_toy_storing_in-distribution,0,259,apache-2.0,2026-05-20,2026-05-20,,task_categories:robotics format:parquet modality:tabular modality:timeseries modality:video library:datasets library:pandas library:polars library:mlcroissant LeRobot,https://huggingface.co/datasets/allenai/eval_openvla_toy_storing_in-distribution,"This dataset was created using LeRobot. Dataset Structure meta/info.json: { ""codebase_version"": ""v3.0"", ""robot_type"": ""bi_yam_follower"", ""total_episodes"": 51, ""total_frames"": 85438, ""total_tasks"": 1, ""chunks_size"": 1000, ""data_files_size_in_mb"": 100,"
huggingface,Allen Institute for AI,big_tech_labs,allenai/eval_openvla_linearbot_in-distribution,0,311,apache-2.0,2026-05-20,2026-05-20,,task_categories:robotics format:parquet modality:tabular modality:timeseries modality:video library:datasets library:pandas library:polars library:mlcroissant LeRobot,https://huggingface.co/datasets/allenai/eval_openvla_linearbot_in-distribution,"This dataset was created using LeRobot. Dataset Structure meta/info.json: { ""codebase_version"": ""v3.0"", ""robot_type"": ""bi_yam_linear_bot"", ""total_episodes"": 48, ""total_frames"": 78959, ""total_tasks"": 1, ""chunks_size"": 1000, ""data_files_size_in_mb"": 10"
huggingface,Allen Institute for AI,big_tech_labs,allenai/eval_cosmos_linearbot_in-distribution,0,325,apache-2.0,2026-05-20,2026-05-20,,task_categories:robotics format:parquet modality:tabular modality:timeseries modality:video library:datasets library:pandas library:polars library:mlcroissant LeRobot,https://huggingface.co/datasets/allenai/eval_cosmos_linearbot_in-distribution,"This dataset was created using LeRobot. Dataset Structure meta/info.json: { ""codebase_version"": ""v3.0"", ""robot_type"": ""bi_yam_linear_bot"", ""total_episodes"": 46, ""total_frames"": 80208, ""total_tasks"": 1, ""chunks_size"": 1000, ""data_files_size_in_mb"": 10"
huggingface,Allen Institute for AI,big_tech_labs,allenai/eval_molmoact_pegboard_in-distribution,0,302,apache-2.0,2026-05-20,2026-05-20,,task_categories:robotics format:parquet modality:tabular modality:timeseries modality:video library:datasets library:pandas library:polars library:mlcroissant LeRobot,https://huggingface.co/datasets/allenai/eval_molmoact_pegboard_in-distribution,"This dataset was created using LeRobot. Dataset Structure meta/info.json: { ""codebase_version"": ""v3.0"", ""robot_type"": ""bi_yam_follower"", ""total_episodes"": 52, ""total_frames"": 45221, ""total_tasks"": 1, ""chunks_size"": 1000, ""data_files_size_in_mb"": 100,"
huggingface,Allen Institute for AI,big_tech_labs,allenai/eval_cosmos_pegboard_in-distribution,0,254,apache-2.0,2026-05-20,2026-05-20,,task_categories:robotics format:parquet modality:tabular modality:timeseries modality:video library:datasets library:pandas library:polars library:mlcroissant LeRobot,https://huggingface.co/datasets/allenai/eval_cosmos_pegboard_in-distribution,"This dataset was created using LeRobot. Dataset Structure meta/info.json: { ""codebase_version"": ""v3.0"", ""robot_type"": ""bi_yam_follower"", ""total_episodes"": 52, ""total_frames"": 76894, ""total_tasks"": 1, ""chunks_size"": 1000, ""data_files_size_in_mb"": 100,"
huggingface,Allen Institute for AI,big_tech_labs,allenai/eval_openvla_pegboard_in-distribution,0,221,apache-2.0,2026-05-20,2026-05-20,,task_categories:robotics format:parquet modality:tabular modality:timeseries modality:video library:datasets library:pandas library:polars library:mlcroissant LeRobot,https://huggingface.co/datasets/allenai/eval_openvla_pegboard_in-distribution,"This dataset was created using LeRobot. Dataset Structure meta/info.json: { ""codebase_version"": ""v3.0"", ""robot_type"": ""bi_yam_follower"", ""total_episodes"": 50, ""total_frames"": 76921, ""total_tasks"": 1, ""chunks_size"": 1000, ""data_files_size_in_mb"": 100,"
huggingface,Allen Institute for AI,big_tech_labs,allenai/eval_cosmos_candy_sorting_in-distribution,0,309,apache-2.0,2026-05-20,2026-05-20,,task_categories:robotics format:parquet modality:tabular modality:timeseries modality:video library:datasets library:pandas library:polars library:mlcroissant LeRobot,https://huggingface.co/datasets/allenai/eval_cosmos_candy_sorting_in-distribution,"This dataset was created using LeRobot. Dataset Structure meta/info.json: { ""codebase_version"": ""v3.0"", ""robot_type"": ""bi_yam_follower"", ""total_episodes"": 53, ""total_frames"": 89732, ""total_tasks"": 2, ""chunks_size"": 1000, ""data_files_size_in_mb"": 100,"
huggingface,Allen Institute for AI,big_tech_labs,allenai/MolmoAct2-LIBERO-Dataset,1,1073,apache-2.0,2026-05-10,2026-05-10,,task_categories:robotics format:parquet modality:image modality:timeseries library:datasets library:dask library:polars library:mlcroissant library:lerobot arxiv:2605.02881 LeRobot LIBERO MolmoAct2,https://huggingface.co/datasets/allenai/MolmoAct2-LIBERO-Dataset,"This dataset was created using LeRobot. MolmoAct2-LIBERO Dataset This repository contains the merged LeRobot LIBERO dataset used for MolmoAct2 finetuning experiments. It combines all four LIBERO suites used in our finetuning setup: LIBERO-Spatial, LI"
huggingface,Allen Institute for AI,big_tech_labs,allenai/MolmoAct2-BimanualYAM-Dataset,12,48187,apache-2.0,2026-05-10,2026-06-11,,task_categories:robotics format:parquet modality:tabular modality:timeseries modality:video library:datasets library:dask library:polars library:mlcroissant library:lerobot arxiv:2605.02881 LeRobot,https://huggingface.co/datasets/allenai/MolmoAct2-BimanualYAM-Dataset,"This dataset was created using LeRobot. MolmoAct2-BimanualYAM Dataset This repository is the merged ckpt / merged LeRobot dataset artifact for the MolmoAct2-BimanualYAM Dataset, a large-scale collection of bimanual robot manipulation demonstrations c"
huggingface,Allen Institute for AI,big_tech_labs,allenai/Molmo2-ER-RefSpatial,1,373,apache-2.0,2026-05-05,2026-05-05,,language:en format:webdataset modality:image modality:text library:datasets library:webdataset library:mlcroissant arxiv:2506.04308 embodied-reasoning molmo2 molmo2-er vlm-training-data,https://huggingface.co/datasets/allenai/Molmo2-ER-RefSpatial," Molmo2-ER · JingkunAn/RefSpatial 2.5M spatial-referring corpus (web + indoor + simulated) covering 31 spatial relations. This is a re-hosted, loader-ready subset of the upstream dataset, used to train allenai/Molmo2-ER-4B. Files mirror the upstream "
huggingface,Allen Institute for AI,big_tech_labs,allenai/Molmo2-ER-VST-P,0,3972,cc-by-nc-4.0,2026-05-05,2026-05-05,,language:en format:parquet modality:text library:datasets library:dask library:polars library:mlcroissant arxiv:2511.05491 embodied-reasoning molmo2 molmo2-er vlm-training-data,https://huggingface.co/datasets/allenai/Molmo2-ER-VST-P," Molmo2-ER · rayruiyang/vst_500k 500K perception QA over images normalized to a uniform virtual camera (single + multi-view). This is a re-hosted, loader-ready subset of the upstream dataset, used to train allenai/Molmo2-ER-4B. Files mirror the upstr"
huggingface,Allen Institute for AI,big_tech_labs,allenai/Molmo2-ER-SenseNova-SI,0,870,apache-2.0,2026-05-05,2026-05-05,,language:en arxiv:2511.13719 embodied-reasoning molmo2 molmo2-er vlm-training-data,https://huggingface.co/datasets/allenai/Molmo2-ER-SenseNova-SI," Molmo2-ER · sensenova/SenseNova-SI-800K 832K multi-image spatial-intelligence conversations grounded in 3D scene annotations. This is a re-hosted, loader-ready subset of the upstream dataset, used to train allenai/Molmo2-ER-4B. Files mirror the upst"
huggingface,Allen Institute for AI,big_tech_labs,allenai/Molmo2-ER-RoboPoint,1,1926,apache-2.0,2026-05-05,2026-05-05,,language:en format:webdataset modality:image modality:text library:datasets library:webdataset library:mlcroissant arxiv:2406.10721 embodied-reasoning molmo2 molmo2-er vlm-training-data,https://huggingface.co/datasets/allenai/Molmo2-ER-RoboPoint," Molmo2-ER · wentao-yuan/robopoint-data 1.43M robotics affordance instruction-tuning examples (pointing + detection + VQA). This is a re-hosted, loader-ready subset of the upstream dataset, used to train allenai/Molmo2-ER-4B. Files mirror the upstrea"
huggingface,Allen Institute for AI,big_tech_labs,allenai/Molmo2-ER-VSI-590K,0,1312,apache-2.0,2026-05-05,2026-05-05,,language:en arxiv:2511.04670 embodied-reasoning molmo2 molmo2-er vlm-training-data,https://huggingface.co/datasets/allenai/Molmo2-ER-VSI-590K," Molmo2-ER · nyu-visionx/VSI-590K 590K spatial QA samples (image+video) propagated from 3D ground truth and CV pseudo-labels. This is a re-hosted, loader-ready subset of the upstream dataset, used to train allenai/Molmo2-ER-4B. Files mirror the upstr"
huggingface,Allen Institute for AI,big_tech_labs,allenai/Molmo2-ER-CLEVR,0,583,cc-by-4.0,2026-05-05,2026-05-05,,language:en arxiv:1612.06890 embodied-reasoning molmo2 molmo2-er vlm-training-data,https://huggingface.co/datasets/allenai/Molmo2-ER-CLEVR," Molmo2-ER · CLEVR v1.0 (Stanford) Compositional VQA over rendered 3D primitives (train split only). This is a re-hosted, loader-ready subset of the upstream dataset, used to train allenai/Molmo2-ER-4B. Files mirror the upstream layout; nothing in th"
huggingface,Allen Institute for AI,big_tech_labs,allenai/Molmo2-ER-SIMS-VSI,0,259,apache-2.0,2026-05-05,2026-05-05,,language:en arxiv:2511.04668 embodied-reasoning molmo2 molmo2-er vlm-training-data,https://huggingface.co/datasets/allenai/Molmo2-ER-SIMS-VSI," Molmo2-ER · ellisbrown/SIMS-VSI 203K simulated video spatial QA pairs from AI2-THOR/ProcTHOR agent trajectories. This is a re-hosted, loader-ready subset of the upstream dataset, used to train allenai/Molmo2-ER-4B. Files mirror the upstream layout; "
huggingface,Allen Institute for AI,big_tech_labs,allenai/Molmo2-ER-RoboVQA,1,453,cc-by-4.0,2026-05-05,2026-05-05,,language:en format:webdataset modality:text library:datasets library:webdataset library:mlcroissant arxiv:2311.00899 embodied-reasoning molmo2 molmo2-er vlm-training-data,https://huggingface.co/datasets/allenai/Molmo2-ER-RoboVQA," Molmo2-ER · Google DeepMind RoboVQA Human-annotated long-horizon robotics video QA across three embodiments. This is a re-hosted, loader-ready subset of the upstream dataset, used to train allenai/Molmo2-ER-4B. Files mirror the upstream layout; noth"
huggingface,Allen Institute for AI,big_tech_labs,allenai/Molmo2-ER-SAT,1,177,mit,2026-05-05,2026-05-05,,language:en format:parquet modality:text library:datasets library:pandas library:polars library:mlcroissant arxiv:2412.07755 embodied-reasoning molmo2 molmo2-er vlm-training-data,https://huggingface.co/datasets/allenai/Molmo2-ER-SAT," Molmo2-ER · array/SAT Spatial Aptitude Training: 175K binary-MCQ VQA pairs over ProcTHOR indoor scenes. This is a re-hosted, loader-ready subset of the upstream dataset, used to train allenai/Molmo2-ER-4B. Files mirror the upstream layout; nothing i"
huggingface,Allen Institute for AI,big_tech_labs,allenai/MolmoAct2-Bridge-Dataset,2,596,apache-2.0,2026-05-05,2026-05-05,,task_categories:robotics format:parquet modality:tabular modality:timeseries modality:video library:datasets library:dask library:polars library:mlcroissant LeRobot,https://huggingface.co/datasets/allenai/MolmoAct2-Bridge-Dataset, MolmoAct2-Bridge Dataset This dataset was created using LeRobot. Language Annotations This dataset includes annotated language instructions in meta/tasks_annotated.parquet. The file is indexed by episode_index and has a task column containing our pe
huggingface,Allen Institute for AI,big_tech_labs,allenai/MolmoAct2-RT-1-Dataset,2,604,apache-2.0,2026-05-05,2026-05-05,,task_categories:robotics format:parquet modality:tabular modality:timeseries modality:video library:datasets library:dask library:polars library:mlcroissant LeRobot,https://huggingface.co/datasets/allenai/MolmoAct2-RT-1-Dataset, MolmoAct2-RT-1 Dataset This dataset was created using LeRobot. Language Annotations This dataset includes annotated language instructions in meta/tasks_annotated.parquet. The file is indexed by episode_index and has a task column containing our per-
huggingface,Allen Institute for AI,big_tech_labs,allenai/MolmoAct2-BC-Z-Dataset,2,436,apache-2.0,2026-05-05,2026-05-05,,task_categories:robotics format:parquet modality:tabular modality:timeseries modality:video library:datasets library:dask library:polars library:mlcroissant LeRobot,https://huggingface.co/datasets/allenai/MolmoAct2-BC-Z-Dataset, MolmoAct2-BC-Z Dataset This dataset was created using LeRobot. Language Annotations This dataset includes annotated language instructions in meta/tasks_annotated.parquet. The file is indexed by episode_index and has a task column containing our per-
huggingface,Allen Institute for AI,big_tech_labs,allenai/MolmoAct2-MolmoAct-Dataset-Household,2,630,apache-2.0,2026-05-05,2026-05-05,,task_categories:robotics modality:video library:datasets library:mlcroissant LeRobot,https://huggingface.co/datasets/allenai/MolmoAct2-MolmoAct-Dataset-Household, MolmoAct2-MolmoAct-Dataset-Household This dataset was created using LeRobot. Language Annotations This dataset includes annotated language instructions in meta/tasks_annotated.parquet. The file is indexed by episode_index and has a task column conta
huggingface,Allen Institute for AI,big_tech_labs,allenai/MolmoAct2-MolmoAct-Dataset-Tabletop,3,417,apache-2.0,2026-05-05,2026-05-05,,task_categories:robotics format:parquet modality:tabular modality:timeseries modality:video library:datasets library:pandas library:polars library:mlcroissant LeRobot,https://huggingface.co/datasets/allenai/MolmoAct2-MolmoAct-Dataset-Tabletop, MolmoAct2-MolmoAct-Dataset-Tabletop This dataset was created using LeRobot. Language Annotations This dataset includes annotated language instructions in meta/tasks_annotated.parquet. The file is indexed by episode_index and has a task column contai
huggingface,Allen Institute for AI,big_tech_labs,allenai/MolmoAct2-SO100_101-Dataset,11,1090,apache-2.0,2026-05-04,2026-05-08,,task_categories:robotics format:parquet modality:text library:datasets library:pandas library:polars library:mlcroissant LeRobot SO-100 SO-101 language-annotations,https://huggingface.co/datasets/allenai/MolmoAct2-SO100_101-Dataset," MolmoAct2 SO-100/101 Dataset Manifest This repository lists the SO-100 and SO-101 LeRobot datasets used for MolmoAct2 training. The datasets were collected from online LeRobot repositories, and this repository provides the annotated language instruc"
huggingface,Allen Institute for AI,big_tech_labs,allenai/MolmoAct2-DROID-Dataset,5,3102,apache-2.0,2026-05-04,2026-05-05,,task_categories:robotics format:parquet modality:tabular modality:text modality:timeseries modality:video library:datasets library:dask library:polars library:mlcroissant LeRobot,https://huggingface.co/datasets/allenai/MolmoAct2-DROID-Dataset, MolmoAct2-DROID Dataset This dataset was created using LeRobot. Language Annotations This dataset includes annotated language instructions in meta/tasks_annotated.parquet. The file is indexed by episode_index and has a task column containing our per
github,Microsoft Research,big_tech_labs,microsoft/GSA-Policy-Workbench,2,,MIT,2026-08-07,2026-09-13,TypeScript,,https://github.com/microsoft/GSA-Policy-Workbench,"A single-pane, read-only visibility tool for Microsoft Global Secure Access (GSA) Internet Access and Private Access policy — search, filter, and inspect every rule and Conditional Access target from one screen."
github,Microsoft Research,big_tech_labs,microsoft/amplifier-bundle-android-tester,1,,MIT,2026-08-06,2026-09-07,Python,,https://github.com/microsoft/amplifier-bundle-android-tester,Android tester bundle for the Amplifier project
github,Microsoft Research,big_tech_labs,microsoft/foundrysamples,2,,MIT,2026-07-15,2026-10-02,Python,,https://github.com/microsoft/foundrysamples,"This repository contains easy-to-use sample code snippets and implementation examples for common development scenarios. The content is intended for educational, learning, and demonstration purposes only. "
github,Microsoft Research,big_tech_labs,microsoft/entra-sms-voice-usage-analyzer,33,,MIT,2026-06-24,2026-09-30,PowerShell,,https://github.com/microsoft/entra-sms-voice-usage-analyzer,PowerShell script to check Entra ID SMS/Voice authentication method policy usage.
github,Microsoft Research,big_tech_labs,microsoft/SOWGenerator,2,,MIT,2026-06-15,2026-09-24,HTML,,https://github.com/microsoft/SOWGenerator,"This open-source material is provided as a guide for discussion and implementation planning only. It is not a definitive recommendation, legal advice, or a final Microsoft policy position. Validate decisions against current product documentation, org"
github,Microsoft Research,big_tech_labs,microsoft/FlowDAgger,85,,MIT,2026-06-06,2026-09-22,Python,,https://github.com/microsoft/FlowDAgger,FlowDAgger: Human-in-the-Loop Adaptation of Generative Robot Policies in Latent Space
github,Microsoft Research,big_tech_labs,microsoft/UniSteer,14,,MIT,2026-05-27,2026-09-02,Python,,https://github.com/microsoft/UniSteer,A on-robot reinforcement learning framework for steering vision-language-action models (VLAs)
github,Microsoft Research,big_tech_labs,microsoft/MuseVLA,0,,MIT,2026-05-18,2026-10-03,Python,,https://github.com/microsoft/MuseVLA,
huggingface,Microsoft Research,big_tech_labs,microsoft/roboeval-data-for-rho,0,1083,mit,2026-09-24,2026-09-24,,modality:video library:datasets library:mlcroissant,https://huggingface.co/datasets/microsoft/roboeval-data-for-rho,
huggingface,Microsoft Research,big_tech_labs,microsoft/libero-data-for-rho,2,744,mit,2026-09-24,2026-09-24,,format:parquet modality:tabular modality:timeseries modality:video library:datasets library:dask library:polars library:mlcroissant,https://huggingface.co/datasets/microsoft/libero-data-for-rho,
huggingface,Microsoft Research,big_tech_labs,microsoft/MuseVLA-dataset,2,421,cc-by-nc-4.0,2026-06-01,2026-08-12,,task_categories:robotics language:en format:json modality:tabular modality:text modality:video library:datasets library:pandas library:polars library:mlcroissant arxiv:2606.17598 robotics manipulation multimodal vla acoustic thermal radar,https://huggingface.co/datasets/microsoft/MuseVLA-dataset," MuseVLA Dataset Multi-modal robot manipulation dataset with synchronized RGB, depth, acoustic, thermal, and radar streams. Released as two parts (dataset_01/, dataset_02/) sharing the same per-episode layout. Together they cover ~1400 episodes acros"
huggingface,Microsoft Research,big_tech_labs,microsoft/Orchard,23,768,mit,2026-05-14,2026-07-28,,task_categories:text-generation task_categories:image-text-to-text language:en format:parquet modality:image modality:text library:datasets library:dask library:polars library:mlcroissant code swe software-engineering tool-use agent gui web browser multimodal vision-language,https://huggingface.co/datasets/microsoft/Orchard," Orchard Dataset Overview Orchard is the trajectory release accompanying the paper ""Orchard: An Open-Source Agentic Modeling Framework"" (Peng et al., 2026). It bundles two parallel agentic-modeling datasets distilled from strong teacher models, both "
huggingface,Microsoft Research,big_tech_labs,microsoft/synthetic-computers-at-scale,21,281,mit,2026-04-30,2026-05-01,,task_categories:other language:en format:parquet modality:text library:datasets library:pandas library:polars library:mlcroissant arxiv:2604.28181 synthetic computer-use agents persona filesystem,https://huggingface.co/datasets/microsoft/synthetic-computers-at-scale," Synthetic Computers Paper: Synthetic Computers at Scale for Long-Horizon Productivity Simulation (arXiv:2604.28181) A dataset of 98 synthetic computer environments designed for research on computer-use agents, long-horizon planning, and persona-grou"
huggingface,Microsoft Research,big_tech_labs,microsoft/CUAVerifierBench,9,496,mit,2026-04-19,2026-04-21,,task_categories:image-text-to-text language:en format:parquet format:optimized-parquet modality:image modality:text library:datasets library:dask library:polars library:mlcroissant arxiv:2604.06240 cua agent-evaluation verifier arxiv:2604.06240,https://huggingface.co/datasets/microsoft/CUAVerifierBench, CUAVerifierBench: A Human-Annotated Benchmark for Computer-Using-Agent Verifiers Universal Verifier paper: The Art of Building Verifiers for Computer Use Agents Dataset Summary CUAVerifierBench is an evaluation benchmark for verifiers of computer-us
github,Toyota Research Institute,big_tech_labs,TRI-ML/raiden-visualizer,0,,,2026-07-01,2026-09-15,Python,,https://github.com/TRI-ML/raiden-visualizer,"Web viewer for raw Raiden robot teleop datasets on S3 (browse episodes, decode ZED .svo2 stereo video, plot robot trajectories, dataset analytics)."
huggingface,ByteDance Seed,big_tech_labs,ByteDance-Seed/EdgeBench,85,4020,cc-by-4.0,2026-06-24,2026-07-27,,task_categories:text-generation language:en format:json modality:text library:datasets library:pandas library:polars library:mlcroissant arxiv:2607.05155 benchmark code-agents evaluation long-horizon,https://huggingface.co/datasets/ByteDance-Seed/EdgeBench," Overview EdgeBench is a benchmark of 134 real-world tasks for evaluating how autonomous AI agents learn from real-world environments. Instead of measuring one-shot performance, EdgeBench places agents in executable task environments with realistic, "
huggingface,ByteDance Seed,big_tech_labs,ByteDance-Seed/THEMol,8,17346,cc-by-nc-4.0,2026-05-09,2026-05-15,,language:en format:csv modality:tabular modality:text library:datasets library:pandas library:polars library:mlcroissant arxiv:2605.14973 chemistry molecular-dynamics density-functional-theory medicine electrolytes,https://huggingface.co/datasets/ByteDance-Seed/THEMol," THEMol: Torsion, Hessian, Energy of Molecules Dataset Summary THEMol is an open-source collection of quantum mechanical properties tailored for organic molecules. It provides large-scale density functional theory (DFT) data for exploring intramolecu"
github,Alibaba DAMO,big_tech_labs,alibaba/EfficientRL,11,,,2026-05-21,2026-05-29,,,https://github.com/alibaba/EfficientRL,"Official repository for ICML 2026 paper ""Long Live The Balance: Information Bottleneck Driven Tree-based Policy Optimization"""
github,Samsung Research,big_tech_labs,SamsungLabs/VMPO,1,,MIT,2026-06-01,2026-06-03,Python,,https://github.com/SamsungLabs/VMPO,Diffusion Alignment Beyond KL: Variance Minimisation as Effective Policy Optimiser
github,Samsung Research,big_tech_labs,SamsungLabs/HandDreamer,3,,,2026-04-16,2026-04-28,Python,,https://github.com/SamsungLabs/HandDreamer,"Code for ""HandDreamer: Zero-Shot Text to 3D Hand Model Gener. . . Code for ""HandDreamer: Zero-Shot Text to 3D Hand Model Generation using Corrective Hand Shape Guidance"", accepted at CVPR 2026."
github,Google,big_tech_labs,google/libmotionphoto,1,,Apache-2.0,2026-10-02,2026-10-06,C++,,https://github.com/google/libmotionphoto,"libmotionphoto is a C++ and Java/Android library for parsing, validating, extracting, and building Motion Photos."
github,Google,big_tech_labs,google/android-location-request-reasons,0,,Apache-2.0,2026-08-19,2026-09-01,Jupyter Notebook,,https://github.com/google/android-location-request-reasons,
github,Google,big_tech_labs,google/artemis,11137,,Apache-2.0,2026-08-13,2026-10-01,Python,ai-agents android google test-automation testing,https://github.com/google/artemis,"ARTEMIS turns natural-language instructions into reliable Android automation. It automates end-to-end workflows, captures logs, and integrates seamlessly with AI coding assistants such as Antigravity, Codex, and Claude Code. It also achieves 99%+ suc"
github,Google,big_tech_labs,google/android-telecq,2,,,2026-05-12,2026-06-02,Python,,https://github.com/google/android-telecq,
github,DLR German Aerospace,big_tech_labs,DLR-RM/IROSA,6,,MIT,2026-04-15,2026-04-20,Python,,https://github.com/DLR-RM/IROSA,Research-Code for the RA-L Paper about IROSA: A natural language based robot skill adaptation using KMPs
github,Kyutai,big_tech_labs,kyutai-labs/kairos,11,,MIT,2026-05-20,2026-09-09,Python,,https://github.com/kyutai-labs/kairos,
github,NetEase Youdao,big_tech_labs,netease-youdao/Confucius4-T3PO,117,,,2026-09-14,2026-09-29,Python,,https://github.com/netease-youdao/Confucius4-T3PO,Confucius4-T3PO: a Low latency and High Quality Text-to-text Simultaneous Translation model via Pareto Policy Optimization
github,Autoware Foundation,autonomous_vehicles,autowarefoundation/autoware_pose2twist,0,,Apache-2.0,2026-10-05,2026-10-05,C++,,https://github.com/autowarefoundation/autoware_pose2twist,ROS 2 pose-to-twist velocity calculation for Autoware
github,Autoware Foundation,autonomous_vehicles,autowarefoundation/autoware_bluetooth_monitor,0,,Apache-2.0,2026-10-05,2026-10-05,C++,,https://github.com/autowarefoundation/autoware_bluetooth_monitor,ROS 2 Bluetooth connection monitoring for Autoware
github,Autoware Foundation,autonomous_vehicles,autowarefoundation/autoware-safety-island,7,,,2026-04-15,2026-10-01,C++,,https://github.com/autowarefoundation/autoware-safety-island,Autoware Safety Island Implementation based on ARM SoCs
github,OpenDriveLab,autonomous_vehicles,OpenDriveLab/NativeMEM,11,,Apache-2.0,2026-07-10,2026-07-28,Python,,https://github.com/OpenDriveLab/NativeMEM,"[CoRL 2026] Official Codebase for ""Native Memory Compression for Long-Horizon Robotic Manipulation"""
github,OpenDriveLab,autonomous_vehicles,OpenDriveLab/RoboNaldo_Deploy,9,,,2026-06-08,2026-06-22,Python,,https://github.com/OpenDriveLab/RoboNaldo_Deploy,"Official deployment repository for the paper 'RoboNaldo: Accurate, Stable and Powerful Humanoid Soccer Shooting via Motion-Guided Curriculum Reinforcement Learning'."
github,OpenDriveLab,autonomous_vehicles,OpenDriveLab/RoboNaldo,55,,MIT,2026-06-07,2026-09-30,Python,humanoid humanoid-control humanoid-robot humanoids robot-framework robot-learning robot-simulation robotics soccer soccer-playing-robot whole-body-control,https://github.com/OpenDriveLab/RoboNaldo,"[CoRL 2026 Oral] Official codebase for paper ""RoboNaldo: Accurate, Stable and Powerful Humanoid Soccer Shooting"""
github,Stanford REAL,academic_labs,real-stanford/modpack,14,,MIT,2026-07-21,2026-09-09,Python,,https://github.com/real-stanford/modpack,ModPack: An Extensible Teleoperation Interface for Bimanual Mobile Manipulation
github,Stanford REAL,academic_labs,real-stanford/behavior_prompting,123,,MIT,2026-06-29,2026-10-07,Python,,https://github.com/real-stanford/behavior_prompting,What Enables In-Context Behavior Prompting for Manipulation?
github,Stanford REAL,academic_labs,real-stanford/iPhUMI,82,,MIT,2026-06-29,2026-10-07,Python,,https://github.com/real-stanford/iPhUMI,iPhUMI is a handheld data collection interface for training visuomotor robot manipulation policies and a hardware interface for behavior prompting.
github,Stanford REAL,academic_labs,real-stanford/real-env,14,,,2026-06-26,2026-10-07,Python,,https://github.com/real-stanford/real-env,Shared codebase for real-world robot deployment
github,Stanford REAL,academic_labs,real-stanford/gated-memory-policy,61,,MIT,2026-04-24,2026-08-09,Python,,https://github.com/real-stanford/gated-memory-policy,Gated Memory Policy: In-context Memorization and Adaptation [CoRL 2026]
github,ETH Zurich RSL,academic_labs,leggedrobotics/ame2_minimal,66,,GPL-3.0,2026-10-05,2026-10-06,Python,,https://github.com/leggedrobotics/ame2_minimal,official reimplementation of AME-2
github,ETH Zurich RSL,academic_labs,leggedrobotics/hoi-retarget,138,,,2026-09-18,2026-09-30,Python,human-object-interaction humanoids retargeting robotics,https://github.com/leggedrobotics/hoi-retarget,HOI-Retarget: Contact-Centric Retargeting for Human-Object Interaction
github,ETH Zurich RSL,academic_labs,leggedrobotics/rsl-student-templates,1,,,2026-08-14,2026-08-14,BibTeX Style,,https://github.com/leggedrobotics/rsl-student-templates,Templates and overview information for student projects
github,ETH Zurich RSL,academic_labs,leggedrobotics/ViserDex,41,,BSD-3-Clause,2026-07-13,2026-09-16,Python,,https://github.com/leggedrobotics/ViserDex,Repository for ViserDex Visual Sim-to-Real Framework
github,ETH Zurich RSL,academic_labs,leggedrobotics/GraspDiffuser,3,,,2026-07-12,2026-09-02,Python,,https://github.com/leggedrobotics/GraspDiffuser,
github,ETH Zurich RSL,academic_labs,leggedrobotics/sru-path-aware-rl,27,,,2026-07-10,2026-07-30,,,https://github.com/leggedrobotics/sru-path-aware-rl,
github,ETH Zurich RSL,academic_labs,leggedrobotics/funfact-scenegraph,22,,MIT,2026-06-30,2026-07-01,Python,,https://github.com/leggedrobotics/funfact-scenegraph,"[CVPR 2026] Official open-source implementation of the paper ""FunFact: Building Probabilistic Functional 3D Scene Graphs via Factor-Graph Reasoning."""
github,ETH Zurich RSL,academic_labs,leggedrobotics/DexEvolve,6,,MIT,2026-06-17,2026-07-12,Python,,https://github.com/leggedrobotics/DexEvolve,
github,ETH Zurich RSL,academic_labs,leggedrobotics/TactSpace,2,,,2026-05-29,2026-05-29,Python,,https://github.com/leggedrobotics/TactSpace,
github,ETH Zurich RSL,academic_labs,leggedrobotics/rsl_rl_sac,102,,,2026-04-16,2026-06-02,Python,,https://github.com/leggedrobotics/rsl_rl_sac,Bridging the Gap: Enabling Soft Actor-Critic for High Performance Legged Locomotion
github,ETH Zurich RSL,academic_labs,leggedrobotics/DiskChunGS-Inria,0,,,2026-04-11,2026-04-15,Cuda,,https://github.com/leggedrobotics/DiskChunGS-Inria,
github,Bonn Photogrammetry & Robotics,academic_labs,PRBonn/rko_slam,34,,MIT,2026-09-11,2026-09-29,C++,imu lidar lidar-inertial-slam lidar-slam mapping pose-graph-optimization robotics ros ros2 slam,https://github.com/PRBonn/rko_slam,ROS2 LiDAR-inertial SLAM and multi-session alignment
github,HKU MaRS Lab,academic_labs,hku-mars/Swarm-Tracker,65,,GPL-3.0,2026-07-22,2026-07-28,,,https://github.com/hku-mars/Swarm-Tracker,"Swarm-Tracker: Implementation of the paper ""Visibility-Aware Cooperative Tracking with Decentralized LiDAR-Based Aerial Swarms"""
github,HKU MaRS Lab,academic_labs,hku-mars/UMI-3D,279,,GPL-2.0,2026-04-16,2026-07-21,Python,embodied-ai embodied-intelligence lidar-slam manipulation manipulation-data sensor-data sensor-fusion slam umi,https://github.com/hku-mars/UMI-3D,UMI-3D SLAM and Data Processing Pipeline: https://umi-3d.github.io/
github,HKUST Aerial Robotics,academic_labs,HKUST-Aerial-Robotics/FC-Family,12,,,2026-08-29,2026-08-29,,active-perception aerial-manipulation aerial-robotics deep-learning optimization perception planning reinfrocement-learning,https://github.com/HKUST-Aerial-Robotics/FC-Family,A Series of Research on Advancing Aerial Robots Beyond Mobility
github,HKUST Aerial Robotics,academic_labs,HKUST-Aerial-Robotics/CO-Calib,71,,,2026-07-06,2026-08-29,Python,calibration multi-camera,https://github.com/HKUST-Aerial-Robotics/CO-Calib,A Plug-in Robust Multi-camera Calibration Toolbox
github,IIT robotology,academic_labs,robotology/whole-body-estimators-iit,0,,,2026-07-16,2026-10-06,C++,,https://github.com/robotology/whole-body-estimators-iit,
github,IIT robotology,academic_labs,robotology/yarp-device-keyboard-joypad-iit,0,,BSD-2-Clause,2026-07-13,2026-09-07,C++,,https://github.com/robotology/yarp-device-keyboard-joypad-iit,
github,IIT robotology,academic_labs,robotology/idyntree-yarp-tools-iit,0,,LGPL-2.1,2026-07-13,2026-10-06,C++,,https://github.com/robotology/idyntree-yarp-tools-iit,
github,IIT robotology,academic_labs,robotology/walking-controllers-iit,0,,BSD-3-Clause,2026-07-13,2026-10-06,C++,,https://github.com/robotology/walking-controllers-iit,
github,IIT robotology,academic_labs,robotology/trintrin-iit,0,,BSD-3-Clause,2026-07-13,2026-07-13,C++,,https://github.com/robotology/trintrin-iit,
github,IIT robotology,academic_labs,robotology/bipedal-locomotion-framework-iit,0,,BSD-3-Clause,2026-07-13,2026-08-28,C++,,https://github.com/robotology/bipedal-locomotion-framework-iit,
github,CMU AirLab,academic_labs,castacks/tartanmatch,0,,BSD-3-Clause,2026-09-19,2026-10-08,Python,computer-vision dense-matching event-camera lidar multimodal optical-flow thermal,https://github.com/castacks/tartanmatch,"TartanMatch: universal dense correspondence across RGB, depth, thermal, LiDAR, and event modalities"
github,CMU AirLab,academic_labs,castacks/asm_macvo,0,,BSD-3-Clause-Clear,2026-08-20,2026-08-24,Python,,https://github.com/castacks/asm_macvo,"AirStack module: MAC-VO learned stereo visual odometry — ROS 2 wrapper + MAC-VO submodule, TensorRT deps as a tier-2 Docker layer (asm_ module per RFC #379)"
github,CMU AirLab,academic_labs,castacks/asm_optitrack,0,,BSD-3-Clause-Clear,2026-08-20,2026-08-29,Python,,https://github.com/castacks/asm_optitrack,"AirStack module: OptiTrack NatNet mocap state estimation — natnet_ros2 client, PX4 EV-fusion bridges, and Isaac Sim NatNet emulator (asm_ module per RFC #379)"
github,CMU AirLab,academic_labs,castacks/asm_dfm2_disturbances,0,,BSD-3-Clause-Clear,2026-08-20,2026-08-24,Python,,https://github.com/castacks/asm_dfm2_disturbances,"AirStack module: Isaac Sim disturbance library — force fields, strobe lights, lens flare (asm_ module per RFC #379)"
github,CMU AirLab,academic_labs,castacks/rviz_tool_cursor,0,,Apache-2.0,2026-08-10,2026-08-12,C++,,https://github.com/castacks/rviz_tool_cursor,rviz cursor tools for ros2 jazzy. forked from https://github.com/swri-robotics/rviz_tool_cursor
github,CMU AirLab,academic_labs,castacks/ss_frontiers_iros,0,,,2026-06-29,2026-07-20,JavaScript,,https://github.com/castacks/ss_frontiers_iros,Website for map-based self-supervised FPV frontier estimation IROS 2026 paper
github,Shanghai AI Lab,academic_labs,InternRobotics/EBench-Astra-Tech-Report,1,,,2026-09-24,2026-09-24,JavaScript,,https://github.com/InternRobotics/EBench-Astra-Tech-Report,
github,Shanghai AI Lab,academic_labs,InternRobotics/InternW0-Delta,80,,,2026-09-24,2026-09-28,Python,,https://github.com/InternRobotics/InternW0-Delta,InternW0-Δ : A World Action Model Bridging Predictive Dynamics and Actions with 20K+ Hours of Open Data
github,Shanghai AI Lab,academic_labs,InternRobotics/internw0,6,,,2026-09-23,2026-09-26,TypeScript,,https://github.com/InternRobotics/internw0,
github,Shanghai AI Lab,academic_labs,InternRobotics/EgoGenEval,2,,MIT,2026-09-08,2026-09-18,Python,,https://github.com/InternRobotics/EgoGenEval,One-command evaluation tooling for the EgoGenEval benchmark
github,Shanghai AI Lab,academic_labs,InternRobotics/GAUGE,11,,MIT,2026-08-21,2026-08-24,,benchmark embodied-ai physical-fidelity physics-benchmark physics-engine physics-simulation robotics world-models,https://github.com/InternRobotics/GAUGE,A measurement-grounded benchmark for evaluating physical fidelity in physics engines and video world models.
github,Shanghai AI Lab,academic_labs,InternRobotics/GAUGE-web,6,,,2026-08-04,2026-08-20,CSS,,https://github.com/InternRobotics/GAUGE-web,
github,Shanghai AI Lab,academic_labs,InternRobotics/VLAC-cut,28,,MIT,2026-07-13,2026-09-16,C++,,https://github.com/InternRobotics/VLAC-cut,VLAC-Cut is a video-language progress estimation model for robotic manipulation. 
github,Shanghai AI Lab,academic_labs,InternRobotics/Cortex,76,,,2026-07-06,2026-07-16,Python,dual-system long-horizon-agents manipulation memory-agent vla,https://github.com/InternRobotics/Cortex,Cortex: A Bidirectionally Aligned Embodied Agent Framework for Long-horizon Manipulation
github,Shanghai AI Lab,academic_labs,InternRobotics/internvla-a15.github.io,0,,,2026-07-05,2026-07-06,HTML,,https://github.com/InternRobotics/internvla-a15.github.io,The webpage of InternVLA-A1.5
github,Shanghai AI Lab,academic_labs,InternRobotics/REAL,56,,MIT,2026-06-29,2026-07-18,Python,,https://github.com/InternRobotics/REAL,"[ECCV2026] Official open-source repository for REAL——Exploratory, Communicative, and Deployable: Vision-Driven Embodied Agents for Open-World Mobile Manipulation"
github,Shanghai AI Lab,academic_labs,InternRobotics/EBench-home,0,,,2026-06-17,2026-06-18,TypeScript,,https://github.com/InternRobotics/EBench-home,
github,Shanghai AI Lab,academic_labs,InternRobotics/EventVLA,80,,,2026-06-08,2026-09-07,Python,,https://github.com/InternRobotics/EventVLA,
github,Shanghai AI Lab,academic_labs,InternRobotics/EAG-PT-tracer,2,,MIT,2026-04-27,2026-05-13,C++,,https://github.com/InternRobotics/EAG-PT-tracer,EAG-PT-tracer
github,Shanghai AI Lab,academic_labs,InternRobotics/TAG,41,,,2026-04-24,2026-04-24,C,robotics teleoperation,https://github.com/InternRobotics/TAG,Feel Robot Feels: Tactile Feedback Array Glove for Dexterous Manipulation
github,Shanghai AI Lab,academic_labs,InternRobotics/EBench,145,,MIT,2026-04-20,2026-09-24,HTML,,https://github.com/InternRobotics/EBench,Elemental Diagnosis of Generalist Mobile Manipulation Policies
github,Shanghai AI Lab,academic_labs,InternRobotics/EAG-PT,37,,MIT,2026-04-16,2026-07-17,Python,3d-reconstruction differentiable-rendering,https://github.com/InternRobotics/EAG-PT,[SIGGRAPH 2026] Emission-Aware Gaussians and Path Tracing
huggingface,BAAI,academic_labs,BAAI/MobileVLA-CoT,0,330,,2026-09-03,2026-09-05,,task_categories:robotics arxiv:2511.17889,https://huggingface.co/datasets/BAAI/MobileVLA-CoT," This dataset is the result of joint research conducted by Hao Tang's team at the School of Computer Science, Peking University, and the Beijing Academy of Artificial Intelligence (BAAI). This repository hosts the MobileVLA-CoT dataset, a large-scale"
huggingface,BAAI,academic_labs,BAAI/Discoverse-L,2,609,,2026-09-03,2026-09-05,,modality:video library:datasets library:mlcroissant,https://huggingface.co/datasets/BAAI/Discoverse-L," This dataset is the result of joint research conducted by Hao Tang's team at the School of Computer Science, Peking University, and the Beijing Academy of Artificial Intelligence (BAAI). Paper: EvoVLA: Self-Evolving Vision-Language-Action Model Auth"
huggingface,BAAI,academic_labs,BAAI/Orchestra-Bench,0,102,,2026-09-03,2026-09-04,,task_categories:image-to-text language:en format:imagefolder modality:image library:datasets library:mlcroissant robotics multi-robot-coordination vision-language-models embodied-ai,https://huggingface.co/datasets/BAAI/Orchestra-Bench," Orchestra-Bench Orchestra-Bench is an English multimodal dataset for high-level cooperative planning among three robots. Each sample provides three views from distinct positions in one scene, a broad user request, and one coordinated text subtask fo"
huggingface,BAAI,academic_labs,BAAI/PRICE,0,83,apache-2.0,2026-07-12,2026-07-14,,task_categories:image-to-image language:en image-generation image-to-image robotics embodied-ai benchmark,https://huggingface.co/datasets/BAAI/PRICE," PRICE: Prediction of Real-world Interactions with Constraints Evaluation PRICE-V0.1 is a benchmark for instruction-conditional image-to-image generation grounded in real-world robot, egocentric, and third-person interaction data. Given an initial-st"
github,NYU GRAIL,academic_labs,NYU-robot-learning/yor-v3-calib,1,,MIT,2026-09-10,2026-09-10,Python,,https://github.com/NYU-robot-learning/yor-v3-calib,
github,Tsinghua ML,academic_labs,thu-ml/PACT,14,,Apache-2.0,2026-05-20,2026-06-16,Python,,https://github.com/thu-ml/PACT,"[ICML 2026 Spotlight] Official implementation of ""PACT: Self-Evolving Physical Safety Alignment for Diffusion Policies in Embodied Manipulation""."
github,DeCLaRe Lab,academic_labs,declare-lab/RoboQuest,2,,,2026-10-05,2026-10-08,Python,agent-skills agentic-ai agents embodied-agent embodied-ai embodied-intelligence physical-ai robotics,https://github.com/declare-lab/RoboQuest,"RoboQuest is a benchmark for goal-directed embodied exploration, in which a mobile manipulator must gather task-relevant information through physical interaction, act on the evidence, and decide for itself when the task is done."
github,DeCLaRe Lab,academic_labs,declare-lab/MemBodied,10,,Apache-2.0,2026-09-23,2026-09-24,Python,,https://github.com/declare-lab/MemBodied,Recurrent associative memory for vision-language-action models. Official implementation of MemBodied.
github,Retico,academic_labs,retico-team/retico-rfdetr,0,,Apache-2.0,2026-06-01,2026-06-03,Python,,https://github.com/retico-team/retico-rfdetr,The roboflow detection transformer module for the retico framework.
github,OpenHLM,benchmarks_and_datasets,OpenHLM-project/OpenHLM,92,,Apache-2.0,2026-06-01,2026-07-10,Python,,https://github.com/OpenHLM-project/OpenHLM,[CoRL2026] OpenHLM: An Empirical Recipe for Whole-Body Humanoid Loco-Manipulation
github,Physical Superintelligence Lab,benchmarks_and_datasets,physical-superintelligence-lab/SIMPLE,330,,,2026-04-13,2026-09-10,Python,,https://github.com/physical-superintelligence-lab/SIMPLE,"[CoRL'26] Welcome to SIMPLE, a full-stack simulation environment for humanoid loco-manipulation, built on AMO/SONIC, with integrated support for foundation models such as Psi0, Pi05, GR00T, DreamZero, Cosmos3 and more."
github,EgoVerse,benchmarks_and_datasets,GaTech-RL2/actionchunkscheduling,0,,,2026-07-23,2026-08-04,HTML,,https://github.com/GaTech-RL2/actionchunkscheduling,Website for Armory: Action Chunk Scheduling for Batched Robot Policy Serving
github,EgoVerse,benchmarks_and_datasets,GaTech-RL2/armory,25,,Apache-2.0,2026-04-16,2026-08-11,Python,action-chunking scheduling serving-infrastructure vla wam,https://github.com/GaTech-RL2/armory,multi-robot serving engine for cloud robot foundation models
github,Amazon FAR,benchmarks_and_datasets,amazon-far/PRISM,28,,Apache-2.0,2026-09-30,2026-10-06,Python,,https://github.com/amazon-far/PRISM,[CoRL 2026] Counterfactual Video Generation Enables Scalable Humanoid Loco-Manipulation
github,Amazon FAR,benchmarks_and_datasets,amazon-far/LadderMan,65,,Apache-2.0,2026-06-04,2026-06-07,,,https://github.com/amazon-far/LadderMan,[arXiv 2026] LadderMan: Learning Humanoid Perceptive Ladder Climbing
github,BAAI Humanoid,benchmarks_and_datasets,BAAI-Humanoid/Omega-EVA,6,,Apache-2.0,2026-06-14,2026-06-16,,,https://github.com/BAAI-Humanoid/Omega-EVA,"Omega-EVA: Envision, Verify, and Act with Latent Interactive World Models"
github,DAVIAN Robotics,benchmarks_and_datasets,DAVIAN-Robotics/DiscoDemo,3,,Apache-2.0,2026-10-03,2026-10-08,Python,,https://github.com/DAVIAN-Robotics/DiscoDemo,DiscoDemo: Discovering Efficient and Diverse Robot Demonstrations for Imitation Learning
github,DAVIAN Robotics,benchmarks_and_datasets,DAVIAN-Robotics/FlashDexRetarget,0,,,2026-09-23,2026-10-02,,,https://github.com/DAVIAN-Robotics/FlashDexRetarget,
github,DAVIAN Robotics,benchmarks_and_datasets,DAVIAN-Robotics/V-Simba,9,,Apache-2.0,2026-07-20,2026-07-20,Python,,https://github.com/DAVIAN-Robotics/V-Simba,"Code for ""V-Simba: Unleashing the Architectural Potential of RL in Visual Continuous Control"" (RLC 2026)."
github,DAVIAN Robotics,benchmarks_and_datasets,DAVIAN-Robotics/pointmap,3,,,2026-07-13,2026-09-22,HTML,,https://github.com/DAVIAN-Robotics/pointmap,Project page: See like a Robot — Robot-Centric Pointmaps for Vision-Language-Action Models
github,DAVIAN Robotics,benchmarks_and_datasets,DAVIAN-Robotics/PAM,0,,,2026-07-11,2026-07-12,Python,,https://github.com/DAVIAN-Robotics/PAM,
github,DAVIAN Robotics,benchmarks_and_datasets,DAVIAN-Robotics/davian-robotics.github.io,0,,,2026-07-11,2026-10-06,JavaScript,,https://github.com/DAVIAN-Robotics/davian-robotics.github.io,
github,DAVIAN Robotics,benchmarks_and_datasets,DAVIAN-Robotics/3D_HAMSTER,35,,,2026-06-29,2026-07-17,Python,,https://github.com/DAVIAN-Robotics/3D_HAMSTER,"Code for ""3D HAMSTER: Enabling Robust Manipulation in Hierarchical Vision Language Action Models through 3D Trajectory Guidance"" (IROS 2026)"
github,Technion,benchmarks_and_datasets,zoharri/LESS,7,,MIT,2026-04-29,2026-07-12,Python,,https://github.com/zoharri/LESS,More with LESS – Local Scene Representations for Tactile Imaging
